x0,x1,x2,x3,x4,x5,x6,x7,label
1.2479,-0.2525,0.3635,-2.4099,-1.1563,-0.2938,-1.0721,0.7144,0
4.4973,1.3234,-0.8375,0.2354,1.6111,-1.2224,0.2490,1.8213,1
0.8482,1.2189,-0.4236,-0.5206,0.8126,0.2417,-1.7750,0.5154,1
-0.5775,1.2744,-0.6276,-0.6366,0.5411,0.7629,0.4481,-1.6856,0
0.5380,-1.0343,0.2353,-1.4237,0.4463,-0.8066,-1.2826,0.7138,0
2.7416,1.8860,1.4512,-0.4407,0.0321,0.2689,-0.6197,0.4711,1
-0.5335,-0.4116,1.3626,-1.0406,-2.4128,1.6109,2.5493,-0.4053,0
0.5632,2.1895,-0.2862,-0.1899,-1.1134,0.5796,0.5245,-1.4944,1
0.6992,2.0527,0.1720,-0.3373,-0.1420,0.6153,-1.7307,0.1644,0
-0.3905,1.8478,-0.1742,1.6679,-1.1037,0.5873,0.3194,-0.8690,0
2.6774,3.7125,-0.3238,-1.6920,-0.0176,-0.9024,-0.3423,-0.0816,1
0.7943,0.8843,0.4821,-0.5227,-2.5647,0.7848,0.2724,-0.7139,1
1.1832,3.3358,0.3494,2.3826,0.4202,0.3877,-0.1669,0.8168,1
3.1251,3.7517,-0.5213,-0.4354,-0.4791,0.7908,1.4984,-0.4588,1
2.0752,2.8141,-0.2458,0.9521,-2.2518,-0.8267,-0.7824,-2.3204,1
1.5364,1.5848,-0.2011,1.1130,-0.2451,-1.0308,-0.0570,1.0492,1
1.5240,1.5894,0.5585,-0.2215,0.6475,-0.0136,0.7017,-1.0351,1
-0.0121,-0.2107,-1.2159,-1.5635,0.6857,-0.3510,-1.0223,-0.0962,0
3.6280,0.2193,-1.4966,-0.9229,1.4612,0.2826,0.7673,-1.1402,1
-1.1195,0.4478,0.0583,0.5487,-0.1877,0.2781,0.1581,0.7778,0
3.3070,0.8801,-2.2473,1.0017,1.1877,-1.0206,-1.8598,0.0990,1
0.9308,1.7976,0.5163,-0.3717,-0.8931,0.0115,-0.2993,-1.0151,0
2.0488,1.7852,1.1360,-0.9209,0.8550,0.6396,0.4425,1.2497,0
3.1354,3.2400,0.6369,0.3408,-1.7836,0.0836,-0.5562,-1.2798,1
4.1818,4.2290,1.3592,0.2552,1.3506,0.0121,0.2028,-1.0935,1
2.8970,2.5604,-1.3027,-0.0512,-0.0797,1.7976,0.8942,0.0114,1
0.2488,0.0442,-0.2029,-1.0824,-0.1511,-0.7461,-1.2503,0.5112,0
2.8913,0.7133,-0.1227,0.9957,1.0592,1.0258,0.0389,-0.8450,1
1.4163,2.8446,0.3793,1.2873,1.1000,-0.1322,-1.2442,-0.3191,1
0.2172,-0.2021,-0.5779,0.2529,-0.5040,-0.6281,0.3115,-0.4020,0
0.2441,0.2732,-1.1394,-0.4812,1.4378,-1.1621,-2.1167,-1.8618,0
0.0291,0.0309,-0.1176,1.2142,-2.6728,0.3959,1.5614,-1.1278,0
-0.3798,-0.7529,-0.8943,-0.3263,1.4275,1.8374,-0.3359,1.9051,0
2.5356,4.2537,-0.0933,0.1311,0.3655,3.1789,0.8513,-0.7073,1
3.4690,2.1382,-0.4898,0.9086,0.0311,0.2786,0.0140,0.3366,1
0.4250,-1.9370,0.6666,-0.9820,-1.4423,-0.0584,0.0840,-0.6935,0
3.3310,1.1578,-0.4069,-0.5849,-0.0466,0.2789,-1.0079,0.7243,1
2.5630,0.6081,-1.9586,-0.0123,-0.2210,-0.1034,-0.0280,0.2256,1
0.9476,-1.1111,-1.1720,-1.0933,0.2889,1.2449,-0.4313,-2.5017,0
0.7960,1.6670,-0.5577,-0.4084,0.0386,-0.3117,1.0493,-0.6760,1
-0.8623,0.4789,-1.5356,0.3897,0.1026,-0.1474,1.5883,-0.6222,0
4.5603,2.2746,-1.2770,0.0699,-1.0762,-0.7518,0.3970,0.5556,1
1.8778,3.4874,1.1575,1.4363,0.5294,1.3634,-1.8808,-0.3179,1
-0.8670,0.1192,-0.5714,-0.1662,1.8822,-0.1697,0.4138,-0.2323,0
0.0757,0.0060,0.4483,1.1653,1.6474,0.3096,0.5895,-1.1509,0
2.4121,3.4403,0.8660,0.2116,0.8864,0.4908,1.2003,0.2894,1
-0.3557,0.3358,-2.9306,0.3829,-3.6484,-1.7235,0.4518,0.4775,0
1.3376,1.7879,1.3705,-0.4840,2.2429,-0.0019,0.4080,1.6169,1
2.6310,1.4977,-0.1097,-0.0356,-1.3647,-0.2558,-0.7422,0.9244,1
2.5346,2.2172,-0.1062,0.2231,0.6168,-0.9997,-1.0416,1.1047,1
2.0877,1.0832,0.4438,0.4634,-1.5307,0.2295,0.7356,0.3744,1
0.6320,-1.4043,0.3310,-0.3026,-0.4828,0.8706,1.4793,1.7944,0
1.3148,-0.1097,0.3527,0.7668,0.1212,0.1308,0.8238,-0.0593,0
-0.7293,-0.4145,0.6339,0.0030,0.3402,0.6701,-0.3748,0.7562,0
0.3788,-1.2348,1.4423,-0.5007,-1.6551,-1.0450,-1.0210,0.0522,0
-0.2739,-0.3368,0.6197,0.3399,0.3160,0.4098,0.6161,-2.1080,0
2.1356,0.3198,0.0361,-0.0046,1.0455,1.1876,0.2028,-0.5004,1
0.4852,-0.5279,-0.0014,0.9861,-0.5578,0.8057,0.6774,-0.9548,0
3.4739,3.1986,0.1019,-0.7623,-0.8592,-0.5377,0.5426,-0.9556,1
2.9375,1.2582,-0.2041,0.1096,2.4451,-1.3773,1.4720,0.1498,1
2.9112,2.6183,0.4447,-0.1537,1.4541,-0.4565,1.1322,-0.6444,1
2.4397,1.4280,0.4550,1.4451,-0.0774,-0.1969,-1.1146,-0.2293,1
-1.5928,-0.9129,0.2268,1.3190,2.8092,-0.5866,1.4353,0.2438,0
2.3488,2.9326,0.0619,0.1104,-0.4083,-1.3981,-1.5436,0.6532,1
-0.2767,-0.5961,0.0085,0.7949,0.1804,-0.6561,1.2263,1.5792,0
0.4946,0.9737,1.2420,1.1301,0.6141,0.5983,0.5197,-1.0973,0
3.2007,1.1442,-0.7946,1.3036,0.8402,1.4874,-0.2717,-1.1522,1
-0.2404,0.1020,0.0790,1.1337,-0.3613,0.3520,-0.9886,0.4503,0
0.0031,-0.7498,-0.2358,-0.1842,-0.2702,1.7713,-0.0984,-0.2439,0
-2.0975,-0.8942,-0.2631,-0.6859,1.3817,-0.1649,1.2884,0.0617,0
2.5372,2.4112,0.0038,1.7188,-2.3196,-2.0015,-0.5432,0.0145,1
0.6901,0.4731,-0.3842,1.0190,1.0302,0.1841,0.9627,0.2726,0
-0.5615,0.6978,0.1106,0.0013,1.4730,-2.4509,-1.4177,-1.1871,0
-0.3633,-0.2546,-1.5073,-0.9852,-0.8608,2.4574,1.8017,-0.4117,0
2.1364,1.3508,-1.9081,-0.1169,-0.9979,-0.0849,-1.6002,-0.7620,1
0.1486,0.3662,0.4175,-1.3205,0.8547,-0.8002,0.6329,-0.0106,0
-1.3764,-0.3162,0.3654,0.6130,-0.1410,1.5318,1.0075,-0.2567,0
0.7501,1.9338,1.9605,-1.2280,-0.9265,1.4849,-1.0583,-1.3225,0
2.0138,2.9202,-0.1024,-0.6506,-0.6742,-0.7123,-0.8795,2.2816,1
2.7975,3.3868,-0.4891,-0.1860,-0.7136,-2.6517,-1.3780,-1.8106,1
0.2502,1.3046,1.3250,-0.0444,1.2906,0.4110,0.7826,-0.9009,1
0.5240,0.7287,-0.5766,0.5595,0.5662,-0.5496,-1.1228,-1.1841,0
0.0865,0.3270,-0.7925,0.0266,0.5705,0.6182,1.5519,1.2770,0
1.4987,4.1836,-0.5310,1.0449,0.0680,-0.4121,-1.8077,-0.1716,1
0.9406,3.4673,1.5168,-0.7969,0.3020,-0.7254,-0.6285,0.7745,1
2.4615,4.2396,-0.4822,0.9993,0.0974,0.7958,-0.4472,-0.0496,1
-0.1155,-0.8361,0.6621,0.6502,0.5936,1.5370,1.4493,-0.3749,0
0.3731,-0.6236,0.0234,-0.5997,1.6201,0.3637,-0.2180,1.1936,0
0.3294,0.4859,0.7958,0.0605,0.2504,-1.3264,-0.0232,2.0035,1
3.3242,2.6697,-0.4391,-0.3946,-2.1292,0.2576,0.8455,-1.5756,1
-0.6614,-1.1575,-0.9654,0.0535,-2.0844,0.6143,0.7539,-0.2511,0
0.0193,1.5036,1.2329,-2.7780,-0.3475,-1.1800,0.8046,-0.6751,1
2.9040,3.0655,1.8362,-0.2029,0.3760,-1.4851,1.1904,-0.7605,1
-0.5608,-0.0222,-1.5629,0.2288,0.9675,0.2929,-1.5889,-0.1238,0
3.2420,0.6220,-1.0748,0.8765,0.2701,0.4120,1.8595,0.4686,1
0.6579,2.7107,-0.2138,-0.7979,0.4278,0.4390,-0.5267,-1.0324,0
2.3098,0.3268,-0.7323,0.9159,-0.1091,-0.2529,0.5623,-1.2919,0
2.8526,4.4130,0.4662,-0.3762,-0.5071,-0.4103,-0.2540,-0.3778,1
3.4163,0.7668,0.8620,-0.3797,0.3769,-1.1270,1.3286,1.2456,1
0.9596,-1.5148,0.8291,0.4049,-1.6053,-0.0243,0.3645,0.5561,0
2.6773,2.7912,1.4736,1.2260,-2.8671,-0.3174,-0.1647,-1.7521,1
0.0942,1.2488,-1.0866,0.3364,-0.9158,-0.6719,1.4774,-0.5426,0
2.9622,0.6288,1.8623,0.6027,-0.1825,0.5755,-1.4098,1.1825,1
-0.3240,-0.2041,-0.4917,-0.5807,0.6947,0.2559,0.6517,-0.0088,0
3.0132,2.0812,2.2297,-1.5679,1.2609,1.3679,-0.8522,2.2293,1
3.4955,3.4711,0.0280,-0.2172,-0.2094,0.3905,1.4012,0.1813,1
1.5886,3.3244,0.9212,0.6547,0.7455,-0.2709,-0.9290,-0.8682,1
0.8645,2.7369,-0.0834,-0.4400,-2.9556,-1.2473,1.1208,-0.6646,1
0.3606,-1.3907,1.4387,-0.1440,0.2900,2.3258,1.5164,-0.3066,0
1.9068,2.1745,0.5099,-0.1052,-0.3952,1.4672,-0.1142,2.2996,1
0.0907,1.7853,0.3573,0.9630,-0.7246,-0.8538,0.4597,0.9886,0
2.5403,1.2136,-1.3603,-1.4271,-1.7676,0.1095,1.1250,-0.0134,1
0.2396,2.3092,-0.1628,2.0960,-1.4571,-0.3907,1.7059,0.4500,1
0.5633,0.1146,0.3299,0.7776,-0.8095,0.8781,-1.3730,0.3284,0
2.6787,1.8837,-0.0227,-0.6225,-1.0717,-0.3536,-1.1040,0.3228,1
1.3499,3.2120,-1.1815,-0.5663,-0.6246,1.3251,0.3303,-0.2117,1
0.4987,-2.1072,-0.0431,1.9975,0.1323,0.0679,0.5481,0.8956,0
-1.9975,-1.6823,0.2103,-0.7149,1.3120,-0.3152,-1.9345,-1.2680,0
-2.7497,-0.2341,-0.1884,-0.4245,1.0789,1.1985,-0.1704,-2.1347,0
0.6173,0.5554,0.3094,0.9815,-1.1648,2.0088,-0.9594,0.7492,0
-1.6873,-0.9303,1.5164,-0.2609,0.8399,0.2370,-0.1050,1.3639,0
2.2633,0.7193,-0.8032,0.5512,0.3955,-1.5671,-0.7243,-0.5817,1
2.1345,1.1241,-0.6284,-0.7286,0.7715,0.8091,-0.1458,-0.3920,1
0.1399,-0.8166,-1.1468,-0.9402,-0.6348,-1.1635,0.1621,0.7297,0
0.9129,2.5251,-0.2199,0.3415,-0.0129,-1.4536,-1.2624,0.0294,1
3.5288,0.2858,0.3457,1.1896,-0.1530,0.5502,-0.7031,-0.1194,1
-1.6209,-2.3443,0.9428,-0.9850,-0.4555,-1.3864,-1.4100,-0.1738,0
1.7704,2.8780,0.4525,0.3208,0.2386,1.5778,-1.0676,-0.0549,1
3.6327,3.7645,-1.4218,-0.3124,1.3581,0.5081,0.1953,-0.2177,1
2.1162,2.7882,-0.2524,-0.0426,0.0786,-0.6781,0.5321,2.9142,1
0.7230,2.8240,-0.7602,0.5774,0.0466,0.7619,1.1755,0.1924,1
3.6321,0.1557,1.5905,0.3751,1.0778,-1.2199,-0.8308,0.1459,1
-0.0170,0.2831,1.0845,-1.7652,0.9738,0.0083,-0.2038,-1.4711,0
3.0030,0.0859,0.6484,-1.4921,0.0535,-0.1192,1.1695,-0.1787,1
1.8059,1.9934,1.2729,0.5363,-0.3856,-0.2364,-1.5672,0.3885,1
-1.7598,0.7518,0.1286,2.3870,-1.1001,-0.1027,1.7983,1.1914,0
1.8038,2.7240,0.0020,0.2820,-0.6987,-0.0893,-1.5981,0.1351,1
0.4500,-0.2274,-1.6151,0.9885,0.3645,-0.7260,-0.2806,-1.5007,0
-1.0254,-0.5378,1.2284,-0.6395,0.6402,-0.5383,0.2479,-0.1414,0
0.8731,-0.5348,-1.5725,-1.3819,-0.5319,-1.2491,0.4102,-0.4658,0
4.8746,0.7623,0.2036,-1.1280,-0.4934,0.1414,-2.3254,0.2368,1
1.9029,-0.4534,0.2598,1.0249,-0.1640,-0.5810,-2.2757,0.6410,0
-0.1132,-1.0127,0.1266,-0.5837,-0.5284,0.6063,-1.3384,1.0473,0
-1.3977,-0.6627,1.9229,1.1274,0.0976,-0.9405,-0.5293,0.0733,0
2.5375,2.4091,-0.0308,-0.2144,-1.4420,-0.5165,0.9146,-1.3683,1
2.3104,1.6802,0.1114,-0.3886,1.4774,0.5066,-1.3118,0.6712,1
-0.7747,-0.5770,0.3138,-0.4917,0.8929,-0.7745,-0.6189,-0.6564,0
-0.5656,1.0992,0.6288,1.7099,2.2676,-1.0307,0.0704,-1.1762,0
1.7224,1.8699,-1.0572,-1.0519,-0.1443,-1.2167,0.8421,-0.9178,1
2.8096,-0.4514,0.0720,-1.2953,1.7061,1.1195,0.2969,-1.3468,0
2.7107,1.3786,1.4624,0.8092,0.0954,-2.4364,-0.9834,0.6878,1
1.2129,1.1092,-1.5920,0.3016,1.0155,-1.6583,-0.0079,0.2738,0
2.1992,0.6478,-0.3257,-0.3273,-0.1481,-0.5635,-0.4430,-0.0397,1
0.4425,-0.3044,-0.4096,0.0924,-1.9209,0.4770,-0.0006,0.0397,0
0.9607,-1.9528,-1.9738,0.2738,-0.0071,0.1702,-0.4621,0.6644,0
3.4326,2.9840,-0.2608,-2.1077,0.7692,1.2217,0.6446,-0.8796,1
0.6738,0.8605,1.5588,-0.8761,-0.2265,0.7473,0.0574,-1.1173,0
2.9146,3.0787,0.0880,0.2196,-0.2587,1.4783,-0.9007,-0.5873,1
2.5110,3.3790,-1.4974,-1.3103,-2.0377,0.0327,-1.1183,-0.3846,1
3.1614,1.8585,0.2313,-0.2993,0.6721,0.4751,-0.6919,-0.1687,1
3.5437,2.8934,-1.3970,0.6556,-1.0846,1.4125,1.0241,0.2899,1
2.6572,2.2910,0.6785,-0.3708,0.2356,0.8719,-0.5618,-0.6162,1
-1.1944,-1.0645,-1.8284,0.7298,1.8089,1.4253,-1.6261,0.7249,0
1.4221,-0.4568,0.1014,-2.0079,0.2667,-1.0636,0.1996,-1.5612,0
0.5429,1.0245,-0.7832,-1.1369,-2.1560,-0.2664,-0.5816,-1.5510,0
2.9530,2.0500,-1.0757,-0.5546,1.0713,0.6029,-0.1300,0.6191,1
-1.1609,0.0324,0.1473,-0.4698,0.4355,-0.7804,0.5098,0.5519,0
-2.9172,1.1903,-3.0476,-0.6160,1.0253,-0.3173,-1.4662,-1.0937,0
1.0269,-1.9215,1.1290,-0.0551,-1.1924,-0.5831,-1.0172,0.8662,0
0.7324,-1.7192,-0.4036,-0.8632,1.2935,-1.3501,1.6042,-0.0333,0
-1.1619,-0.6773,-0.8016,-1.2746,0.0948,-1.2279,-2.1804,-0.3797,0
-1.8029,-0.7522,-0.9091,-0.8712,2.0010,0.0564,0.2454,-1.7764,0
1.8460,2.7153,-1.0245,0.9081,-1.2027,-0.2864,-0.5861,0.1643,1
1.8595,2.2291,-0.2361,-0.7344,0.4851,0.2384,-0.0886,-0.4305,1
3.2965,2.2642,-0.3067,0.1047,1.6966,-1.3404,0.7699,-1.8932,1
0.2173,1.5751,0.4887,0.1706,-0.5604,0.0310,-0.2521,-0.7860,0
2.2101,2.6984,-0.7672,-0.8063,-1.3602,0.3907,0.5453,0.2317,1
0.9652,0.0879,0.3920,0.3038,-0.0915,-0.5308,2.2142,-0.4520,0
1.8341,2.9340,0.2519,-1.4048,1.1227,-0.0942,-1.1109,1.1888,1
3.1257,1.2355,1.7772,0.6588,-0.0102,1.5902,0.1593,-0.0281,1
1.8397,3.0819,0.4766,0.0147,-0.7900,0.1299,-0.0698,-1.3335,1
-1.4718,0.5652,-2.6019,0.2054,-0.4781,1.3082,-0.4935,0.6595,0
-0.3969,0.1137,0.7368,-0.4626,0.9966,-0.9937,0.2946,0.9226,0
3.1600,4.4164,-0.7634,-1.3791,-0.9943,0.6604,0.4979,0.1023,1
-1.1230,0.7669,-1.2247,1.1589,2.8574,0.3665,0.5831,-0.4929,0
-1.8102,-0.6027,-1.0929,-1.4470,1.7224,0.2729,0.3797,-0.3090,0
-0.1729,0.9646,-0.0323,0.5307,-0.1960,-0.3422,-1.4069,-1.9777,0
-0.2616,0.0565,-1.2861,-0.0345,0.0538,-2.1560,-0.9151,0.4073,0
0.3871,-1.1537,0.1584,1.0224,0.7771,-0.0953,-0.4680,-0.6293,0
0.4678,0.1951,0.6294,0.1319,0.8188,0.0946,0.7847,0.8708,0
1.6955,0.6919,1.5435,0.2567,-1.7145,-0.7138,0.7719,-0.2797,1
1.9879,3.9009,-1.0473,-0.7982,0.2114,0.3905,0.4963,0.9112,1
2.6986,2.9894,-0.2592,0.0627,0.1075,0.2151,0.7725,0.5551,1
0.0442,-0.8091,0.0677,-0.0280,0.1932,2.2065,-0.5238,0.4223,0
3.5685,2.5980,2.3378,-0.3780,0.3241,-0.7988,-0.3515,0.2489,1
0.8463,0.3191,1.2591,-0.0950,-0.3322,2.7040,0.3942,-0.7195,0
-0.6943,-0.9427,0.9366,-0.3644,0.1274,-0.0635,0.7315,-0.8467,0
-1.0756,0.2243,0.6010,0.3325,-0.8095,0.6775,-0.7439,-0.5215,0
-0.9440,1.3012,0.6334,0.6050,1.2472,2.8126,-1.7092,-0.7384,0
1.8838,1.6492,-1.0776,-0.2997,-1.2166,0.3350,0.0517,0.4810,1
0.5077,0.6030,-0.3734,2.1211,0.2344,-1.8625,-1.0024,-1.7405,0
2.5173,2.3782,-0.4684,2.0109,0.5490,0.7261,-0.9311,-0.9991,1
0.0368,0.1730,-1.8563,-0.1803,0.0141,-0.2151,-0.8134,-0.5395,0
2.3231,2.5908,0.6048,1.0809,-0.2943,-0.4562,0.4377,0.6108,1
-0.4342,0.7904,0.9796,1.2917,1.7783,-0.8664,0.0139,0.0113,0
-0.0981,-0.6493,-1.4856,0.0927,-0.7684,0.0860,-0.7940,-1.0997,0
2.7343,2.6509,0.5793,2.1859,0.2773,0.4851,-1.0776,-1.2869,1
4.0828,1.5765,-1.0439,-0.0391,-0.0902,-0.9025,-0.3050,1.2294,1
-0.8060,-1.3937,0.9426,0.4923,-0.6205,-1.5822,-0.7446,-0.0547,0
3.6657,1.4634,-0.0845,0.6751,-2.3813,1.0338,-1.1825,0.3320,1
0.2467,1.0846,0.5509,-2.3773,-0.7848,0.1382,-0.1950,0.4776,0
3.2894,3.1085,-0.2143,-1.8463,-0.4555,0.4164,-1.0904,0.6313,1
3.4084,2.6269,-3.0638,-1.2781,1.8862,-0.5465,-1.9841,1.2352,1
0.0134,1.1049,0.2770,0.4586,0.3630,0.6975,2.2774,0.9710,0
0.9197,2.9467,1.1415,1.2027,-0.4266,1.1649,0.9277,2.5725,1
-0.7500,-0.5074,-0.3061,-0.4902,-0.8900,-2.7627,-0.4347,0.3694,0
-0.4932,1.9354,0.0134,1.2910,0.2614,0.8264,0.2792,1.3688,0
0.0559,0.4961,0.3663,-0.2883,0.4050,2.2344,-0.2704,0.4195,0
1.2578,1.1403,0.0117,-2.3834,0.5167,-2.2195,1.4699,0.1695,0
3.4997,1.5979,-1.5525,0.2608,-0.0336,-0.4915,0.0847,2.7674,1
0.8345,1.0495,0.8439,1.4795,-0.1901,-2.0548,-0.1886,0.8117,0
-0.9698,-0.1764,-0.6918,1.5020,0.7495,0.6515,0.6216,-0.0372,0
2.6976,1.3148,-2.1864,0.1501,0.3240,1.2093,1.5713,1.5700,1
-0.9980,-0.3523,0.4803,2.5319,1.4801,1.1194,-0.3878,-0.8832,0
3.2889,1.3993,-0.2384,-0.1148,1.5929,-0.3547,-2.4392,0.5044,1
-0.6990,0.0426,-0.0867,-0.2737,0.7903,-1.5329,-0.5170,0.6840,0
1.8859,0.8912,0.6686,1.1231,-0.0450,-1.9608,0.7060,-1.6599,1
2.8088,1.6125,-1.1598,-0.4419,-0.1833,-0.6442,0.5887,-0.4461,1
3.4802,2.7812,-0.6976,-0.8659,-1.6475,0.2907,-0.3546,-2.3722,1
-0.5357,-0.9010,1.5757,-1.7028,-1.4414,1.1100,1.3568,-0.7450,0
-0.6321,0.6162,-2.3271,-1.8612,-0.2807,1.5499,-0.4357,0.1009,0
3.6338,4.6069,-0.5768,-0.0168,1.8221,-1.5222,1.0276,-1.0183,1
0.1025,-0.2426,-0.9580,-0.9831,0.2764,0.9955,-0.1297,0.0701,0
3.0712,1.5284,0.7397,0.8193,2.6036,-0.3761,-0.4581,0.7690,1
0.8191,-0.5351,-0.4032,0.5411,-0.8276,-0.4105,0.0896,0.9959,0
1.8954,0.6576,-1.9166,-1.2594,-1.3132,-0.1546,-1.1889,-0.7028,1
1.7259,2.0595,1.3225,0.6619,0.0161,-0.4610,-0.4332,0.3277,1
0.5842,-0.9076,0.0365,-2.0316,0.2117,0.7621,-0.2801,1.8165,0
-0.8812,0.2174,-0.0358,-0.1003,-0.1143,0.1071,0.8480,1.3777,0
2.4977,3.3153,-0.7018,0.7660,-0.7620,1.0907,2.2106,-0.1221,1
-2.1925,-0.5481,1.2319,0.5531,0.2489,1.0087,0.4845,1.2177,0
3.4194,4.0217,0.3588,0.9053,-0.3071,-0.6015,1.7068,0.2162,1
0.8049,0.1237,-0.5865,0.0110,1.4360,0.5552,-1.7115,-0.2152,0
4.2823,2.2862,-1.8005,1.8930,0.6824,-0.0700,-0.3714,1.0824,1
1.9580,3.6483,0.5422,0.2447,0.1455,-0.1750,1.0456,-0.8653,1
-1.6219,0.6144,0.6312,0.4802,0.4077,-0.3205,0.7875,-0.0456,0
2.0129,2.1881,2.0206,-1.7350,0.4998,-1.6791,-0.1082,-0.4336,1
-2.0850,0.3890,-0.3800,-2.0992,0.8396,1.4350,1.4901,0.3590,0
2.5461,3.8282,1.6824,1.1336,-0.9415,0.2013,0.4395,-1.8096,1
0.4694,2.2730,0.6399,1.4734,0.1829,-0.0732,0.3813,-0.8158,0
-0.9638,1.2663,1.3723,-0.9911,0.9680,-0.0870,0.3398,0.4602,0
0.9944,0.0827,1.4102,0.3094,0.6242,-0.8333,2.1587,0.4698,0
0.7130,-1.6082,-0.8227,1.2379,0.2869,-1.9138,1.0383,-0.5438,0
1.4113,-0.0878,0.2047,1.1790,-0.8975,-0.9928,-0.1965,0.8272,0
1.1691,0.8320,0.8237,-0.6030,-0.3922,-1.8568,-0.6790,-0.0076,1
0.9304,-0.7712,1.6574,-0.6846,-0.6831,1.5374,0.2115,-0.5520,0
2.3449,3.8531,1.4662,-0.8168,-0.0424,0.0902,-0.9862,-0.0557,1
0.0053,1.1402,1.2074,-0.3292,-0.2140,0.6643,-0.5852,0.5886,0
-0.0879,-0.9694,-0.9568,1.4471,-0.1564,1.6404,-0.5136,0.2912,0
4.8927,1.4426,-1.8978,1.2866,-0.8268,-0.0207,-0.5859,0.2682,1
1.5495,2.3201,0.4498,-1.0083,-0.7001,-0.3474,-1.4288,-0.4226,1
0.1188,-0.3995,-0.2714,-0.0199,-0.6557,0.6911,1.4360,-0.4644,0
0.4852,-0.2396,0.3655,1.5658,0.5087,-1.7734,0.4540,1.2329,0
2.2784,3.4956,-0.6901,-1.4855,0.1412,-1.7565,-0.2398,1.2868,1
0.5902,1.2205,-1.0320,-0.0633,-0.3657,1.3991,0.9543,0.4953,1
2.6456,2.8932,-0.8620,0.8572,-1.1120,0.8354,1.1861,0.2109,1
-0.1762,0.4003,-2.8615,0.3023,-0.1134,-0.0506,0.7065,-0.0748,0
-1.1402,-0.1414,0.0676,0.1149,0.1619,1.0394,-1.0860,0.1757,0
3.7899,0.7654,0.1796,-0.5854,-0.3707,-0.9048,-0.1696,1.8413,1
1.2356,1.3304,-1.3019,1.7274,-0.4623,-0.0256,-0.4028,-0.9444,1
-0.2352,2.4582,1.3921,-0.8529,0.6476,-0.8315,-1.7764,1.0195,0
1.1601,1.0461,-0.4699,-0.1668,0.7498,0.3915,-0.3936,-1.6191,0
0.1139,1.0790,-1.1976,0.6388,0.3315,0.7501,0.8720,-0.6945,0
0.8830,1.9665,0.8891,-0.5420,-0.6940,-1.8214,1.7526,0.8257,1
0.7699,0.9677,0.5767,-0.2443,-0.1638,-0.4276,2.6347,0.5559,0
-0.4638,0.4655,-1.0109,1.5045,-0.6611,0.5011,1.0660,0.3848,0
0.0945,0.0108,-0.0564,-0.5767,-0.4495,1.4796,-0.1085,-0.7858,0
1.9837,3.6004,0.6756,0.5603,-0.2575,0.5734,-0.6436,-0.2596,1
0.9698,0.8743,-0.9819,-0.8555,0.1087,1.7261,-1.9156,0.2783,0
-1.3760,-0.6343,-0.3644,-0.4205,-0.5338,0.0072,-0.5353,-1.4625,0
0.7799,0.7529,0.8432,-1.5407,0.2989,0.6760,-1.0312,0.0092,0
-0.1163,1.8422,1.9245,-1.6644,2.4939,-0.9152,0.9807,0.9705,0
1.5043,2.9933,-0.1075,0.5543,0.2307,1.1963,0.0754,-0.1679,1
1.0961,0.5804,0.7318,-0.6646,-1.0453,-0.5677,-0.6208,0.7862,0
0.9760,-0.1551,1.4309,1.3685,0.2434,-0.8219,1.5754,-0.0610,0
2.6262,2.1604,-0.8898,-1.4686,0.6329,-0.7834,3.0595,-1.0861,1
-1.2574,0.5101,1.5293,0.0646,0.5722,-1.8435,-0.6775,-1.0736,0
0.6050,2.6170,-2.2428,-1.3222,-0.5372,-0.8313,0.3964,0.3056,1
3.3938,3.2524,1.1408,-0.0019,0.3035,0.5115,0.1417,-0.3972,1
-0.3324,-0.8176,0.4216,-0.0940,-0.6632,-0.6622,-1.2104,0.9788,0
2.5786,1.6372,0.8085,-0.5604,-1.4065,1.0212,-0.5371,-0.4089,1
0.0412,1.1426,0.0200,-1.1991,0.5439,-0.4850,1.8879,-0.0011,0
0.2650,2.8574,1.9446,1.5759,1.8310,-1.0198,0.9122,-0.7220,1
0.2243,-1.2730,-0.6445,-0.6762,0.8986,0.8007,0.2768,-1.3504,0
2.1884,1.7539,0.8697,1.1782,1.0564,-0.7552,-2.7395,-1.7670,1
3.9216,2.0987,-0.7507,1.6427,1.2652,0.0244,-0.2934,-0.1321,1
2.7272,4.1000,0.4225,0.7260,1.1693,-1.1697,0.7549,-0.2946,1
-2.5161,-2.1282,-1.0181,0.5312,0.1138,0.1844,1.9509,-1.2691,0
-0.0274,0.3044,-0.7363,0.0283,-1.5999,1.4099,-0.6816,2.0314,0
-0.0325,1.0281,-0.0533,-0.0307,-0.5840,0.1191,0.3180,-0.7843,0
-0.1250,-0.6101,2.2997,-0.0897,1.5452,-0.1956,0.2593,-1.3214,0
2.0529,2.7105,1.5860,0.2220,1.3837,0.6407,1.6274,-0.0590,1
2.3902,-0.4854,-0.7665,-1.2101,2.3310,0.8194,-0.3341,1.2490,0
3.1877,4.4661,-1.5478,-0.2654,-0.4625,-1.9737,1.0603,-0.2704,1
3.2396,4.8598,-0.3532,-0.4212,0.1187,0.9872,-0.5667,-0.6310,1
1.0572,0.3786,-2.0447,-1.2254,1.5012,0.4019,-0.7622,-0.1704,0
0.0132,0.7357,-1.3583,-0.8409,0.2730,-0.0998,0.5719,-1.2295,0
2.8571,3.5916,0.4868,0.1391,-0.0959,-0.8349,-0.0720,1.2597,1
-0.1190,-0.8898,-0.4922,0.2009,-0.3735,0.4853,0.5228,0.8890,0
1.4236,0.9959,-0.9342,-0.9035,-0.0758,-0.4512,-1.1383,-0.4417,0
2.0255,1.8282,-0.3158,1.1785,0.1992,2.4718,0.1705,-0.2901,1
2.5041,2.7565,0.4353,2.0767,-0.8453,0.8590,0.2078,-1.5711,1
0.7707,1.2676,-0.8572,-0.0089,-1.7254,-1.2588,1.0480,-0.4664,0
-1.1088,0.2295,-0.5224,-0.4708,0.7393,-1.1617,-0.9054,0.1541,0
0.9694,1.2382,-0.6651,0.9374,-0.7841,1.8262,-1.1338,1.3285,0
1.8435,4.5132,0.5913,-1.0160,-0.5222,0.7812,1.0526,-0.0707,1
2.5447,3.2584,0.1318,-1.2935,-0.8130,0.2351,1.2155,1.6160,1
3.2795,2.7873,0.7488,-0.6668,-0.1532,-0.8241,-1.2487,0.3335,1
2.6855,3.1877,0.5461,0.2426,0.5566,-0.0427,0.4129,-0.7261,1
2.8697,3.1684,-0.6697,0.0518,-0.6236,-0.5265,-1.1249,1.2658,1
1.0657,0.5374,1.9722,-0.1892,3.0318,-0.2275,0.2552,-0.3978,0
0.3723,0.8356,-0.1139,1.7767,0.2391,0.2705,-0.9090,0.4185,0
2.3660,1.8918,-0.7765,2.6718,-0.2635,-1.4570,-0.6982,-0.0516,1
3.0467,3.0548,0.6766,-0.6449,0.3404,-0.8761,-0.6196,-0.9177,1
1.3116,3.5642,0.6886,0.9767,0.0393,0.7768,-1.7613,0.8631,1
0.1771,0.6271,0.3800,-0.9871,-1.4980,-0.7121,0.5649,0.6901,0
-1.3679,-0.9811,-0.7232,-0.3573,-1.3621,-1.4221,-0.8218,0.0863,0
-1.1806,-0.1158,1.0586,-1.3018,-0.2064,1.0248,-0.4183,-0.5737,0
1.1635,-0.3062,1.1045,0.4290,-0.3428,0.4797,0.3204,1.0209,0
1.9517,2.5412,-0.0615,0.7041,-1.0252,1.0170,0.4663,-1.3169,1
3.7083,4.7341,1.0018,1.4270,0.0854,-1.6615,-1.8441,0.2551,1
-0.5920,-0.9146,-0.0627,0.6156,-1.4528,-0.4489,1.5099,-1.0753,0
0.8698,-0.4847,0.5458,1.0973,0.7413,0.9092,-1.1516,1.1137,0
1.6473,2.7595,0.2582,0.4851,0.3370,-0.8438,-1.3499,0.8723,1
0.1858,1.1494,-0.0447,-1.4052,0.9661,-0.3704,0.3420,-0.6475,0
4.1443,1.6234,-0.3374,0.1074,-1.0922,0.3305,1.6119,-0.4905,1
2.8951,-0.2494,-0.0389,-0.3130,-0.8185,1.0815,-0.3262,-0.1775,1
-0.3772,-1.9168,-1.1320,0.9611,-2.1100,-0.7663,-0.3997,1.7436,0
0.7686,-0.5572,1.3045,-0.7405,1.0091,-1.3589,1.0733,-0.4061,0
1.4715,2.2829,0.2773,-0.4947,0.5540,-0.5830,0.6204,0.4422,1
2.4391,2.0586,0.1515,0.5503,2.0618,0.9394,0.9760,3.0885,1
0.5160,0.4846,0.7040,-1.0090,-0.4439,-0.5062,0.6476,-0.1742,0
2.6382,3.5875,0.8632,-0.1617,-0.6700,1.1353,0.7739,-1.6063,1
2.1868,2.6655,0.7788,0.9101,0.2839,0.5852,0.0641,-0.6739,1
2.2387,2.5190,-0.0347,-1.8856,-0.3975,0.0562,-0.2814,-0.2468,1
0.4880,-1.0790,-1.6280,-0.3482,0.7641,1.6876,0.7821,-1.4683,0
2.2676,2.7566,0.1776,0.5393,-0.9170,0.0649,0.4203,0.8257,1
1.6943,2.1548,-2.7038,-0.6215,-0.5244,-1.0196,0.1656,-0.0559,1
-2.2592,0.2155,-0.9283,0.4857,-1.2819,0.0300,-0.2832,0.3031,0
0.1247,-0.2552,-1.5363,-1.4772,-0.5839,-0.0083,-0.6082,0.6252,0
2.2208,1.5350,-0.2781,0.2259,0.3249,1.8784,-0.6689,-0.0735,1
0.4261,-0.0234,-0.5006,-1.5493,-0.5108,-1.0737,-1.7266,-0.7957,0
-1.0471,0.5838,0.6011,-0.9039,-0.2602,-1.8582,-0.4943,0.3990,0
0.8249,-0.7130,1.0519,-1.5157,-1.2476,0.7097,1.6711,0.4934,0
2.4597,0.3048,-2.0224,0.1294,-0.3581,-1.1058,0.0655,0.1151,1
3.4444,2.6366,1.2284,0.0080,-0.1153,1.0643,-0.9784,2.8144,1
0.3753,0.3808,0.5251,1.8771,0.7925,-1.6051,1.4035,-0.3409,0
2.6072,1.2207,0.5262,-0.6514,0.1002,-0.2841,1.9250,1.9823,1
0.0465,0.0640,-0.3734,1.1060,-0.3289,-0.4213,0.9786,-0.5383,0
2.4622,0.9187,0.7042,1.9409,0.7212,1.4618,-0.8461,0.2363,1
1.5568,2.2722,0.7722,0.1018,-1.4126,-1.3150,-1.3812,0.4915,1
4.5639,3.8625,-1.8960,1.4211,0.9364,-1.5453,-0.3032,1.0955,1
0.5504,-1.3091,0.6107,-2.1375,-0.2228,1.1380,0.0184,-0.4989,0
3.3893,3.4748,1.3100,0.8743,1.0814,0.7329,0.2655,0.0895,1
-0.2373,-1.2124,-0.9553,-0.2820,0.2415,1.4408,-0.0418,1.0035,0
3.5793,2.2686,0.5947,-0.2435,1.3221,0.6358,-1.1905,0.1615,1
1.6481,-0.1812,0.4477,0.5459,-1.0366,0.5107,-1.3938,-0.6256,0
1.0757,0.3568,-0.3045,0.4465,-0.0601,0.0126,0.6568,-0.7274,0
0.0403,-0.3123,-1.5856,-0.9205,1.5682,0.3847,-1.3236,-1.5404,0
2.3878,4.0612,-0.1868,1.3070,0.3519,0.4713,-1.3357,0.9375,1
-0.3349,0.8631,-0.8142,0.1770,0.3520,-0.1540,0.4045,-0.2664,0
1.8509,4.1055,1.0490,-0.7609,0.5684,-0.7427,-1.1847,1.0338,1
-1.7041,0.9269,-0.2527,-0.2115,0.4098,0.5812,-0.8263,0.7177,0
0.1134,-1.2561,-0.1699,1.3813,1.6766,0.7173,-1.1903,0.4906,0
3.3509,3.2257,0.7850,0.3633,-0.0724,-0.6084,-1.8979,0.3396,1
0.1861,0.5576,-1.3375,0.6450,2.0545,0.0785,-0.0617,0.3090,0
4.5323,1.4764,0.2032,-0.7997,-0.5470,-0.0496,1.3473,1.8010,1
2.9481,2.1234,2.4927,-0.4276,-0.5711,-1.7749,1.3961,0.9682,1
2.4178,-1.3895,1.4582,0.0701,0.8061,-1.6478,1.4681,0.7865,0
-0.0389,0.6451,-0.7655,-0.5794,-0.4634,-1.8527,0.8618,1.1916,0
-0.7013,0.3482,-0.2655,0.3283,-0.6276,-0.8834,1.0521,-0.0639,0
4.5221,2.5463,-0.9261,1.2269,0.6308,0.7269,1.1906,-0.6528,1
2.3727,2.3286,-1.2907,-0.2636,1.3364,0.2373,-1.3461,-1.5558,1
1.6648,-0.0903,-0.6474,-0.2740,-1.4773,1.4231,-0.3931,1.3674,0
0.0517,1.4295,0.2567,0.8532,0.7191,0.6233,0.3479,-0.2329,0
1.9154,-0.9069,0.0043,0.0149,0.4024,-0.4295,0.3147,-0.1688,0
-1.5820,0.0096,-1.1006,-1.7344,0.1369,0.4879,0.5267,0.5672,0
0.5674,1.1390,1.9735,-1.0472,0.6108,-0.6869,0.0797,-0.6333,1
3.0615,2.6368,-0.4483,-1.0502,0.2678,-1.2127,0.4275,2.6265,1
1.3502,0.7183,-0.0856,-1.9388,-1.3223,1.2828,-0.7898,-0.6993,0
2.3343,1.4380,-1.2268,-0.0505,-0.8915,-0.7410,-0.7812,0.5224,1
-0.2321,-0.1786,0.5969,-0.1420,-0.2783,0.4705,0.6682,-0.1471,0
0.0806,-0.7818,-0.8607,0.7691,0.4449,0.4553,0.2809,0.0462,0
3.1964,3.4351,0.9112,-0.1008,1.3870,0.2285,0.6324,0.2821,1
2.7470,1.7642,0.7014,2.8453,-0.3748,0.0710,-0.4462,-0.4880,1
4.0444,1.8270,-0.4741,-1.5875,-0.7576,-1.7084,0.6318,2.7997,1
-0.3667,-1.6668,0.9000,-0.7269,1.2993,-0.2820,-0.6318,-0.1780,0
0.7578,-0.2274,-0.4967,-0.1988,-1.2719,0.3970,-1.7867,-0.4441,0
0.7594,0.3030,0.5903,-0.0650,1.1697,0.9247,0.4461,0.9275,0
0.7504,-0.4395,-1.3439,0.4204,0.5461,1.0905,-0.9363,-0.9064,0
2.9599,2.4288,-1.8858,0.3751,-1.8524,-0.9453,1.3517,1.8249,1
1.2843,2.1706,0.0426,1.7812,-0.4929,-0.4769,1.5487,-0.3748,1
0.7222,-1.4771,-0.1712,-1.6596,-1.0554,0.8392,-0.0499,-0.3191,0
1.7513,2.2793,0.3011,0.9829,-2.6251,-0.8318,0.1591,-0.0989,1
0.4034,0.2675,-0.3049,-0.5269,-0.2455,1.1487,-0.7320,-0.0628,0
2.6833,4.0604,-0.3003,0.9588,1.2320,-0.0638,-0.2107,-0.3291,1
-0.2558,0.8542,0.2310,0.2353,-1.1252,-0.9675,2.1434,-0.1778,0
-0.7748,1.4311,0.2818,0.5782,-0.1380,-0.3187,-0.1696,-1.3827,0
2.4121,2.7960,1.8505,0.0860,-2.3342,-0.0940,2.7395,0.8664,1
-0.8109,0.5911,-0.7420,-1.3538,-0.3484,0.0915,-1.8722,-1.1492,0
0.0103,-0.4082,0.3948,-1.2147,0.7141,-1.1838,1.6427,-1.7158,0
-1.0926,0.4174,1.6642,0.3150,0.5629,0.0175,-1.0264,-0.4901,0
-1.2119,-1.2787,0.4017,-1.1232,0.3196,-1.3018,0.2964,-0.4887,0
1.4066,0.3237,1.2358,-0.7556,0.0561,-0.9811,-0.4136,-0.2621,0
-0.7259,-1.2155,-1.4135,-2.3397,-1.0563,0.6275,-1.5985,-1.3681,0
4.2909,1.8635,0.3210,0.6423,0.6625,-1.5223,-0.2311,-1.6182,1
4.9463,0.9051,-1.0478,-1.0406,-1.4967,1.3526,2.4224,-0.4757,1
-1.3204,-2.2369,-0.2441,-0.3164,-0.6513,0.2214,0.3952,0.3231,0
-0.3161,-1.1016,0.6658,0.0125,0.8884,0.7901,-1.4218,-1.4342,0
1.7445,1.4437,0.7553,0.3513,1.0992,0.3965,0.2086,1.1997,1
2.9697,2.5681,1.4805,0.1152,-0.3043,-0.8378,0.7030,1.2371,1
2.4494,3.8079,-1.9700,-0.0555,-0.0401,-0.7270,2.3839,-0.0662,1
2.0923,2.5260,-2.0028,-0.7599,0.9832,-0.6289,-0.8289,1.3095,1
3.8403,3.0170,-0.4551,-0.2395,-0.8041,-0.9948,-1.0444,-0.6181,1
-1.0347,-1.5637,0.2194,0.2346,1.7008,-0.6683,0.2961,0.3127,0
-0.2538,0.7443,0.7752,0.3274,-0.2556,-0.3575,-1.3678,-0.8059,0
1.8780,1.3760,0.4399,1.1966,-0.9081,0.2834,-1.0341,-0.3049,1
1.8097,3.1019,-0.6788,1.0117,-0.2457,-0.6496,-1.2533,0.2532,1
0.8952,0.2733,2.2388,1.4298,-0.3075,-0.3180,0.4697,-0.8380,0
3.6663,2.8616,0.2565,0.6870,1.7228,0.1710,-0.1130,1.5087,1
0.9676,-0.3210,0.0052,0.1954,0.3618,-1.3566,-1.5425,-0.8874,0
1.5353,1.8562,0.6347,-0.1689,0.1964,-1.2243,-0.4616,0.5873,1
3.0950,1.7754,0.1617,2.1988,-0.0176,-0.6932,-0.1738,0.0922,1
-0.1512,-0.0314,-1.4434,-0.9626,-0.1493,-0.1653,-0.5662,-0.1770,0
0.0610,0.8894,-0.0992,0.3991,-0.5416,0.5721,0.3757,0.8658,0
0.7135,0.5887,-0.0984,0.2449,1.0635,-0.6521,-0.6284,0.1814,0
2.9153,1.6759,-0.0748,-0.0940,-2.2153,-0.2196,-0.1573,-0.1603,1
3.9159,1.2842,-0.8246,-2.6122,-0.4809,-0.3956,-0.5100,1.1077,1
0.8606,0.0779,-0.3706,1.0262,-0.0198,-0.8183,-1.7162,-0.4413,0
0.7546,2.2765,0.0616,-0.7654,-1.1850,0.5520,-1.7646,0.5503,0
3.3177,2.9363,-0.2197,0.5649,0.1709,-0.7781,1.8504,-0.3517,1
0.7758,-2.4186,1.2765,1.4688,0.0298,0.5588,0.5585,-0.6428,0
0.5471,-0.8086,-0.6088,1.1269,0.9747,-0.7064,-0.7336,-0.6456,0
0.7326,-1.0000,0.3567,0.7468,-0.0882,1.0101,-0.3043,-0.2139,0
1.5228,3.5172,-0.7665,0.3498,-0.0713,-1.0528,-0.6091,1.3829,1
2.7017,1.4908,0.3053,-0.1461,3.4540,0.2851,-0.3806,1.4200,1
-1.8410,0.0943,1.9944,-0.1162,-1.7333,-0.3959,1.4545,0.3761,0
1.6611,1.8148,-0.5597,0.3612,1.3382,1.0524,0.4560,-1.3316,1
1.1721,3.0333,-1.3455,-0.2256,0.3042,-1.1376,-1.0243,-0.0941,1
0.5037,1.0615,0.6071,0.0737,-0.7462,-1.0709,-0.5109,0.4099,0
2.8366,0.4001,-0.7857,1.2045,0.0792,-1.4170,2.3558,-0.0289,1
2.8843,2.8995,-0.3676,-0.7276,2.1217,1.0032,0.8219,0.5763,1
-1.0033,1.2775,-0.8431,0.2833,-1.6394,-2.0409,0.3183,-0.8091,0
-1.9892,0.5406,2.1201,1.3896,-0.2573,0.0088,0.8877,1.1221,0
2.1565,2.5342,0.3006,0.5539,-0.1331,-0.1201,1.3798,1.2095,1
2.9774,4.2191,-0.3864,1.6230,0.5425,3.2710,-1.1925,-0.6893,1
0.4188,0.3972,1.9501,-0.6684,0.9049,1.1625,0.7046,-0.9610,0
3.9078,3.7293,0.5996,0.2043,0.2261,-0.0787,0.6408,0.0311,1
1.6515,1.4514,-0.7520,0.2221,-0.0270,0.2153,0.5008,-0.6273,1
1.4657,-0.2677,-0.4334,0.4824,-1.8365,-0.7905,0.9811,-1.7374,0
3.6176,4.0111,-0.3695,0.2918,1.1191,-0.4668,0.8678,-0.6711,1
-0.4776,-0.7993,0.3426,1.1580,-0.1841,-1.2712,-1.0827,0.3946,0
4.3441,2.8937,-0.3869,0.7662,-0.2395,-0.3783,-0.9585,1.4084,1
-2.5392,0.7979,-0.4637,-0.4103,1.6923,-0.7141,-0.6801,-0.1304,0
0.4138,-0.4419,-1.5739,-0.8657,1.2813,0.0748,0.4511,-0.2614,0
1.8405,4.1776,-0.1882,-0.4434,1.0961,-0.7224,-0.5947,0.0102,1
0.0003,0.2596,2.0917,0.3362,-2.3781,0.3263,0.0379,0.0435,0
2.7459,2.4713,-0.0526,0.6130,-0.5421,-0.9477,3.0238,-0.7159,1
0.1001,-1.4957,0.1165,-0.9332,-0.4425,1.0451,0.4720,0.5684,0
0.7288,4.3369,-1.1919,1.5286,1.0215,0.5773,-0.8550,0.1516,1
2.0291,2.5290,-0.2499,-2.0386,1.1218,-0.0811,-0.4848,-0.5603,1
2.8585,1.6062,-2.2552,0.4071,0.5191,-0.1996,-1.1479,0.0889,1
-1.4645,-1.0272,-0.7507,0.8439,-0.3626,-0.4479,1.9547,0.3525,0
0.3390,-0.3697,-0.5964,-2.1864,0.9687,0.4483,-0.1792,-0.1372,0
3.2361,0.9453,-0.5899,-1.1363,1.7715,0.8757,-2.2027,-1.5138,1
2.3677,2.0276,-1.3244,1.9448,0.3125,0.4748,-0.6920,0.7223,1
2.1196,2.2167,0.6110,-1.6290,1.5970,0.1824,1.2809,-1.0754,1
-0.9232,-1.1619,0.2503,0.0660,-0.4644,-1.0141,-1.2666,-0.0485,0
2.0344,1.8144,1.5471,-0.0823,1.2700,-0.5333,0.2448,-0.0555,1
-1.6976,1.4283,-0.1352,0.7464,-0.7520,-0.1648,-0.8669,1.2360,0
0.3114,0.3671,1.3582,1.1563,0.7653,-1.4217,-0.6957,-1.0039,0
3.2275,2.6707,-1.3905,-0.1887,-1.4941,-0.0532,-1.6554,0.5288,1
0.3780,1.9079,0.8479,-0.4229,0.8181,-1.3977,-0.9625,0.3331,0
0.3418,2.4628,-1.0203,0.1013,-1.0777,0.4242,0.0193,1.4004,1
0.0067,-0.7686,-0.2469,-1.3442,0.4061,0.5899,2.4692,-0.6218,0
-0.2678,-0.5758,0.2121,0.3817,-0.0534,1.0863,-0.6170,0.9862,0
0.5385,-0.0120,-0.3149,2.4267,-0.8170,0.2979,-0.7502,1.7856,0
3.3868,1.8217,0.5126,0.2577,-0.5166,0.7582,0.3893,0.2157,1
2.4581,2.9311,0.2294,0.0591,-0.6410,1.6938,-1.0504,0.4276,1
2.1798,4.2595,-0.9035,-0.7353,-0.9698,0.3235,-1.3731,-0.4785,1
0.3476,2.7404,-0.5002,-1.4881,1.0856,-1.3077,0.7969,-0.7010,1
4.1016,3.2496,-1.0080,-0.9171,0.6055,-0.2624,-0.1693,1.2722,1
1.7513,2.5913,0.9546,0.8091,-0.1596,-0.2889,-1.7388,-1.0562,1
2.8184,2.3621,0.0749,1.0393,-1.1873,-0.2362,0.1887,-0.7042,1
1.4315,0.9086,0.2901,1.7942,-1.4989,-0.0077,0.3663,-0.9146,0
0.3007,-1.1066,0.6906,1.0578,0.2723,-1.8528,-0.9668,0.5647,0
0.0212,-2.6940,1.2428,0.1367,-0.8191,0.9950,-0.6775,-0.6885,0
0.3584,1.7810,1.6236,0.3597,0.4624,0.7915,-1.2570,0.6441,0
1.7659,2.8185,-0.2275,0.5012,0.1181,-3.0730,0.1789,0.6422,1
0.4459,-0.1026,1.6422,0.3114,0.4377,1.0445,0.3626,-0.8980,0
-2.4383,-0.4771,0.7609,-0.3531,0.8012,0.1487,1.2881,-0.2952,0
2.9676,3.0059,1.5016,-1.7066,-0.4584,0.8485,1.5459,0.2401,1
2.2073,3.2571,0.8687,-0.3597,0.3303,1.1805,1.8905,0.7426,1
2.5441,2.4459,0.5574,-0.1157,0.1896,-1.0579,1.2971,-1.1402,1
-0.4321,0.0976,1.9910,-0.4227,-0.6660,-0.5508,1.6589,-2.8123,0
-1.0027,2.7313,0.5909,-1.1060,-0.0419,0.0675,0.8461,1.8395,0
2.8886,1.9602,0.7871,-0.6983,-1.0333,-1.7599,-1.5651,-0.8964,1
-1.1778,0.3132,-1.1994,-3.1437,-1.0439,-0.4719,-0.6054,1.5195,0
-0.6135,0.8809,-0.0190,-0.0423,-0.8354,-0.0588,-0.7651,0.1700,0
-0.2362,-0.9446,0.9919,0.4268,-0.4481,0.1455,-0.0838,-0.8676,0
2.5705,1.8790,-0.9449,-1.6228,-0.3586,0.5670,-0.6947,2.5207,1
3.3857,3.8043,0.7952,1.8529,-0.7870,-2.5607,-0.4461,0.5582,1
2.6515,2.7755,1.3209,0.3821,0.7989,-0.9396,-1.0954,1.6141,1
2.6009,1.8768,-0.6214,-0.6491,-0.7090,-1.2831,-1.5004,-0.1950,1
1.9071,3.6072,0.2931,0.2653,-0.7431,-0.1210,0.3610,0.7162,1
-0.0939,1.0791,0.0080,0.7928,-0.4899,-1.8126,0.2684,0.7253,0
3.0753,2.9222,-0.3486,-0.8067,0.5517,0.4264,-0.5609,1.1094,1
-0.8829,-0.5835,1.6364,0.8686,-0.3580,0.2874,0.1548,-2.7456,0
-0.9065,-0.0508,-0.3566,0.2471,1.1295,-0.3215,-1.0577,0.3249,0
2.1734,2.3439,-0.2918,2.2418,-2.2407,-0.3883,-0.0037,-0.7811,1
0.8998,0.8133,-0.0478,-0.2707,-0.1120,-0.1048,-0.0784,-0.1880,0
0.2524,0.7532,-1.2303,-1.0507,-1.7485,0.8664,0.2503,0.5053,0
-1.4295,1.7849,-0.6089,0.1682,0.8544,-0.9870,-0.5463,0.1792,0
5.3575,2.8011,1.6064,1.2057,0.3680,-0.9892,1.0598,-1.4981,1
1.6009,0.2000,-2.6502,-0.3405,0.6539,-0.2370,0.7150,-0.8500,0
-1.3060,-0.0714,0.0316,-0.3484,1.2273,-0.8502,0.3132,0.0680,0
0.9433,1.1810,0.0119,1.9812,0.5793,-1.7256,-3.1105,0.7331,1
-0.0962,1.1413,-0.8807,0.3502,0.8462,-0.4475,-0.4261,0.0253,0
3.0427,2.4857,0.9740,-0.4619,-1.3284,1.9770,-0.6046,-0.5684,1
2.4342,2.5672,-0.3867,-0.0174,-0.0398,0.1748,-2.3575,1.8809,1
2.3527,3.0806,-1.3781,-0.4710,-0.6723,1.4697,-0.5858,0.7581,1
-0.6504,-0.4526,-0.2456,1.2838,-1.8899,-1.3157,-1.9473,-1.0875,0
-0.8116,-1.6145,-0.7341,-2.0147,-1.0180,1.2004,0.4036,0.1875,0
-1.0028,-1.5361,-1.1392,-0.0432,0.8682,0.9024,0.6306,-0.7376,0
2.5245,2.1787,-0.2012,2.0371,-1.7620,-0.2347,1.2117,-1.4659,1
-0.6437,-0.5290,-0.2233,-1.5960,0.5953,0.6663,0.5084,-0.8704,0
0.0865,-0.8994,-0.3326,2.1535,0.0957,-1.1875,0.1803,-1.3518,0
-1.1990,-1.0411,-0.4443,0.9370,0.5784,0.5230,-1.0989,-0.5413,0
2.7720,1.8717,-0.2784,0.4414,-0.3488,0.2261,1.5927,-0.1719,1
1.1793,0.5594,-1.4672,-1.1021,-0.8336,-0.8548,-0.0903,0.6146,0
3.7552,2.8082,-0.4457,-2.0822,0.0706,0.0258,0.1829,2.1062,1
1.2406,0.7851,-0.9621,-0.5130,-0.0948,-0.7754,0.5005,0.3569,0
-1.0883,1.1968,0.1023,-1.7291,-0.0513,0.2812,0.9728,-0.3375,0
0.8279,0.1871,-1.3151,-1.4152,1.1226,1.1960,0.3229,1.4957,0
3.5566,3.1836,-0.9113,1.7314,0.5363,-0.3858,-0.6683,0.2568,1
-1.6711,0.6997,-0.9536,0.3706,-0.5216,-0.2644,-0.7569,-0.1612,0
1.8894,1.3851,0.3545,-0.0253,0.8442,1.1300,-0.8298,-0.0774,0
0.6780,3.6231,2.0650,0.0801,-2.1250,0.6089,-0.9041,-0.6633,1
3.1266,2.7546,-0.4881,-0.6496,0.1258,-0.4095,-1.1092,-0.3326,1
2.8396,2.3219,-1.4135,0.9891,-2.7388,-0.4464,-0.6202,0.1482,1
3.0617,3.6268,-0.7124,0.5866,0.1958,-1.7115,1.9005,-1.4388,1
0.4195,0.3900,0.2756,-0.4946,0.8273,-1.5604,-0.0658,-0.5639,0
1.8227,2.9287,1.0775,-0.3433,0.7807,0.0497,-0.8927,-0.2580,1
-0.2995,-0.6967,0.4285,0.2346,-1.5906,-1.6515,0.4247,-0.8153,0
2.8020,3.2809,-1.2710,-1.4115,1.6744,0.3516,-0.4192,-0.9339,1
1.9896,1.3094,0.8834,-0.7768,1.0935,-0.4006,-1.0434,-0.4263,1
-0.1242,2.3792,-0.1701,0.8247,-1.8863,1.1619,0.8206,1.2520,1
2.4473,3.5139,-1.4712,0.7130,-0.7712,-1.6514,-1.1241,0.0055,1
1.6757,2.8761,-1.8082,-2.1271,1.3724,0.9038,-1.0493,-0.0030,1
3.5195,2.9192,0.1482,1.0952,-0.7307,0.0312,-0.0178,-0.2728,1
2.1102,2.5729,0.0344,-1.0484,0.8018,-0.9764,-0.2182,-0.2953,1
0.3581,-2.1191,0.8909,-0.6770,1.2200,-0.4782,-0.0488,1.9138,0
-0.2773,1.2388,0.0390,0.4154,0.0700,0.8479,-0.6855,-0.9840,0
-0.6386,0.0997,-0.2208,0.7103,1.3047,-0.9758,-0.7339,-1.4362,0
4.5304,2.8047,0.4798,-1.3402,-0.0012,0.5092,-0.2528,1.0757,1
2.3118,-0.9471,-1.0221,-0.8778,1.6062,1.0424,-0.1355,0.0366,0
-0.8165,0.8900,-0.3799,-0.2601,0.6088,-0.1880,-0.2350,0.0106,0
0.7954,1.6465,0.5855,0.8033,-0.1999,-0.7078,0.6540,0.1712,0
1.0774,2.1719,-0.0829,-0.5105,1.4817,0.4798,1.3732,0.2634,1
2.5814,1.5634,0.0119,0.0131,-1.3671,-0.5395,-0.3233,0.4135,1
2.9614,1.9187,0.4689,-0.1821,-2.8696,-0.4847,1.0790,-1.6818,1
0.1127,1.5853,-0.7606,0.0021,-1.3040,1.6272,-0.0833,0.0466,0
1.3543,0.6615,-0.8756,-0.6473,0.4949,-0.6241,-2.1172,-0.0532,0
-1.4802,1.6163,0.1768,-0.9052,-0.6986,-1.8894,-1.0995,1.0163,0
2.2318,0.7264,-0.0920,-0.4320,-0.9565,2.0598,-0.1887,2.1156,0
1.3935,-1.7408,-0.6660,-0.6690,-0.0798,-0.0603,2.9962,-1.0772,0
2.7290,3.1165,-0.0016,0.1102,-1.0448,0.1065,0.5114,0.3276,1
3.0702,3.9126,0.9370,0.0713,-1.1718,-0.6000,-0.2196,0.2523,1
2.0217,1.5643,-1.1882,-1.6512,-0.2350,-1.4697,-1.0005,-0.3939,1
-1.3359,0.3798,0.7402,-0.5494,-0.4370,0.5374,-0.7140,-0.7827,0
1.1965,0.8842,0.6016,0.9256,-1.9773,1.3538,0.3921,1.0108,0
2.8872,2.5489,-0.2753,0.3671,-0.3117,0.8679,-1.5865,-0.5416,1
2.0448,-0.6261,-0.2387,-0.8826,0.3358,-0.7363,-0.1856,0.8489,0
-0.6988,0.7886,0.8222,1.0550,0.1405,3.2413,1.0545,0.3249,0
-0.8759,-0.0971,1.4263,1.7095,1.4783,0.7852,-1.2557,0.4872,0
1.2586,1.0125,0.2392,0.5232,0.9034,0.4971,0.5316,-0.9847,1
2.3950,0.9929,-2.0034,0.7406,-0.7531,0.8725,1.1083,-0.6193,1
0.5903,-0.6612,-1.8459,0.1233,-0.4709,-0.4401,1.9753,-1.5259,0
2.8829,1.5052,0.9083,0.2984,0.3793,-0.9449,-0.7656,0.9273,1
4.2708,2.9803,-0.8974,0.3389,2.4275,0.1024,1.4618,-0.7403,1
2.4579,3.1196,0.3973,-0.7664,-0.8095,0.9883,1.1916,1.5121,1
4.3039,2.6346,-0.3112,1.3510,0.7131,-0.9825,-1.0336,0.4919,1
-0.1773,-0.0264,1.0725,0.7590,1.3299,-1.9315,0.2534,0.6947,0
0.9734,1.8451,-0.8405,0.0217,1.6279,2.0226,-0.8143,0.5266,1
0.5588,0.3876,0.3990,0.3037,1.6876,1.1025,-1.0602,0.7957,0
3.3924,2.8150,1.1314,0.1881,0.2005,0.1212,-2.0182,-0.0804,1
1.8317,1.3136,1.4340,0.5042,-0.0298,-0.5648,0.2962,0.9914,1
1.6730,2.4952,0.8681,-1.9360,-0.0576,-0.4293,-0.1338,-0.5016,1
2.6376,4.4236,-0.3239,0.2917,1.9947,-0.5500,1.8147,0.0053,1
4.2819,3.2502,0.3071,-0.0656,-0.6240,0.0758,0.8974,-0.0131,1
2.1834,2.2492,0.9925,1.2252,-0.6672,-0.6686,0.3794,1.5275,1
3.6460,1.2481,-0.2641,-0.9306,-0.2675,1.6044,-1.4226,-1.6189,1
1.6714,2.7873,0.6208,0.4374,1.1757,-1.7631,1.1883,-0.3121,1
0.7315,-1.3234,0.0050,0.2363,1.1558,-1.5853,0.0308,-1.0852,0
3.0055,3.2772,1.2872,-0.5350,0.9272,1.3609,-1.6432,0.6123,1
3.4585,2.2413,-1.2108,0.9430,-1.1995,-0.1784,-0.0401,0.7155,1
-0.6266,-0.6846,0.0989,1.0064,2.2875,-1.5075,0.3153,-1.0865,0
3.5188,1.5615,-0.6746,-0.5893,-0.0762,0.3232,0.4837,-0.0058,1
1.1701,3.2278,-0.0530,1.1617,-0.7077,-1.6023,-0.0340,1.2960,1
2.6609,2.3003,-0.8703,1.7578,-1.0296,-0.7254,0.5700,-1.8560,1
3.7746,3.1242,0.8992,0.5581,-0.1611,-1.0631,-0.1401,-0.9752,1
0.4862,0.8068,1.4768,0.3718,0.9246,-0.2971,-0.4783,0.4737,0
2.1135,2.7692,-1.0612,-0.8816,0.6354,0.8867,-0.9857,0.6706,1
-0.5327,0.0165,1.4169,0.8075,0.7959,1.9088,-0.7039,-0.9859,0
1.7779,2.2455,-2.3546,-0.2074,-0.5446,0.7838,0.3524,-0.6007,1
3.0900,3.2233,-0.7685,-0.4930,-2.2254,-1.0907,-0.7425,0.0742,1
-0.9454,-0.5135,-1.2253,0.1711,0.4257,0.4024,0.0124,-1.5411,0
-0.6200,-0.4073,-0.4033,0.0750,1.4255,0.8121,-0.9875,0.6784,0
0.6403,-0.8061,0.8489,-0.1604,-1.4100,0.4552,0.2170,-0.2277,0
-0.0375,-0.7191,0.6101,-0.0435,0.1664,0.3571,-1.1546,-0.8943,0
-2.2099,0.5647,-1.2122,0.1326,0.3710,0.6024,-1.2040,-0.0652,0
1.6703,1.7143,0.9873,0.3375,-1.0051,0.7186,-0.1580,0.5605,0
-0.6328,-0.1729,0.1641,0.2463,0.4937,-0.5792,-1.3433,1.6248,0
2.4893,0.4474,-1.3240,-0.7732,0.5091,1.3411,-1.2129,-0.1243,0
2.6959,3.3646,-0.3436,-1.5638,0.6212,1.1248,-0.0826,0.4052,1
-0.4745,-0.8458,1.0264,0.3875,0.4904,1.5021,-1.0548,-0.5520,0
0.1579,-0.5643,0.7831,-0.1874,-0.9925,0.0658,0.1703,0.9347,0
0.3931,0.4611,0.3203,-0.1882,-0.7162,0.2888,-0.3331,1.6898,0
3.8422,3.1328,0.3785,-0.0880,-1.2611,-0.2162,0.1014,0.2295,1
0.4695,0.9213,-0.6922,-0.6831,1.4509,0.7710,-0.3908,-0.1072,0
2.3973,2.5316,0.4727,2.5350,0.1898,0.6626,-1.6865,-0.4849,1
1.2288,0.4023,-4.3891,0.6740,1.9182,-1.9959,1.5194,-2.7720,0
0.9380,-0.0086,-2.3500,0.4461,1.1508,0.3639,0.5848,-0.4117,0
-1.8614,0.6919,1.7498,1.1296,-1.9879,-1.5149,-0.8460,-1.5930,0
0.0442,0.3934,-1.4303,0.7771,0.6011,-0.5482,-0.1725,-1.9498,0
2.1677,2.5074,0.1687,0.3789,0.2442,-0.2643,0.2862,1.0020,1
-0.0955,0.3176,-0.1862,-0.6468,0.5229,-0.5552,0.3861,0.0283,0
-0.3039,-0.3281,-0.5081,-1.6458,0.3829,0.2315,0.8497,-0.5315,0
4.3954,2.1203,-0.8751,-0.9937,-1.7339,1.5326,1.3711,0.6007,1
1.6039,4.3113,-0.3517,-0.2690,1.4373,0.6589,2.2011,0.2487,1
2.1030,1.8882,-1.8470,-0.2786,1.1446,0.5988,0.0203,-0.9949,1
2.7269,3.5128,0.4307,0.1667,-0.7970,0.8672,-3.1319,0.3828,1
5.0703,0.9916,-0.2414,-0.0079,-0.4626,1.0364,0.4725,0.1523,1
0.7973,0.0168,3.1799,0.1513,0.1953,-1.7105,-0.5435,1.1474,0
1.1645,0.3424,0.0323,1.3707,0.0424,-0.3361,-1.8585,0.4523,1
0.6613,-1.7817,1.1345,0.7657,1.1323,0.5835,0.6537,0.5207,0
0.8685,-1.8188,-1.5011,-0.7360,-0.1298,0.3881,0.3247,1.1171,0
3.6485,1.6276,0.2386,-0.8478,-0.1882,0.3218,-3.4087,2.4112,1
3.0664,1.9043,1.9274,-0.3474,0.1325,-0.4871,1.6520,-0.1050,1
2.6495,3.7038,0.5851,-0.0543,1.1104,2.5385,0.3174,0.1168,1
0.1706,1.3104,-0.5992,-0.2783,-1.5374,-1.1839,-0.5178,-0.0559,0
4.2691,3.0360,-0.9121,-0.7280,1.3747,1.1266,0.0281,-0.4425,1
1.1249,-0.9933,0.3920,2.2727,0.2054,-0.7756,0.4104,-0.4700,0
1.1059,3.2010,1.1178,-0.3109,-0.3772,-0.9616,-0.1499,-0.5624,1
1.4890,4.3922,0.4665,0.5724,0.8834,0.7710,-0.4131,0.2726,1
2.2310,2.9385,0.3417,-0.3827,-1.3293,0.1462,-0.2043,-1.8904,1
3.0077,3.4653,2.5284,-0.3912,-0.5387,-1.1094,0.2086,0.2023,1
1.6887,2.3251,-1.9787,0.9264,-0.7707,-0.0347,-1.4267,-0.5824,1
-0.2796,-0.0113,0.4797,1.4391,0.7327,0.9622,1.4461,0.5697,0
-0.0367,1.0091,1.0730,0.6486,-1.4546,-0.8415,-0.2749,0.7796,0
-0.0213,1.1369,1.3152,1.1992,1.2055,-1.0370,0.4826,-0.6075,0
0.8509,2.2125,1.3247,0.4607,2.0178,0.1772,2.4478,0.1775,1
0.0225,-1.2794,1.1106,-0.5021,-0.6470,1.2812,1.1582,1.1321,0
-0.3622,-0.0510,-0.0599,0.7825,1.5536,0.3681,1.9749,0.8972,0
2.2652,3.3287,1.7059,1.9983,1.1869,0.0257,-0.2167,0.5761,1
4.1740,2.9338,0.4545,0.0514,-0.3279,-0.1621,0.1354,1.7181,1
2.2603,2.5526,-0.8654,0.7166,1.3667,1.6245,0.2034,0.5744,1
2.3464,3.0280,0.3140,0.0583,0.1378,0.4519,-0.2942,-0.2425,1
4.2074,5.2105,-1.2044,-1.2595,-0.9572,-0.1033,0.8958,0.5913,1
0.1720,0.5289,-0.6921,-0.2441,-0.0201,-1.5842,-1.1613,-1.1216,0
3.2641,2.7454,0.6111,-1.8397,-1.4836,0.6632,-2.7787,1.2246,1
0.6767,3.3433,-0.8886,1.0489,3.2082,-2.2732,0.6954,-1.8082,1
2.9268,2.2932,0.1298,-0.9117,0.7805,-1.4484,1.2416,-0.4093,1
-1.4027,1.5949,-0.0673,1.9076,1.2214,-0.7981,-0.0850,0.1210,0
4.0263,2.9375,0.1763,-0.1999,-0.0506,1.3046,0.0037,-0.3950,1
1.9355,1.9462,-1.4021,-0.7504,1.4984,-0.2066,0.7044,-2.4788,1
3.0683,2.3386,-0.4814,0.1810,-0.4958,-2.1239,0.9222,0.2430,1
-0.3139,-0.9662,-1.4699,0.2239,1.6134,0.2032,-1.3828,0.2251,0
2.4467,3.3640,0.6067,-2.9858,0.5452,-1.0035,-1.4217,-0.1885,1
2.9110,0.8593,0.7046,0.7633,0.0470,-0.8676,-0.9794,1.0259,1
0.9888,3.5645,-0.1652,-0.0958,-1.7081,-0.1467,0.6136,-1.3364,1
0.4986,0.0890,-0.6438,0.8547,-2.2023,0.3467,1.6194,1.4399,0
2.8898,2.1983,-0.6358,-0.3029,0.5438,-0.8072,0.7574,2.1332,1
2.4381,1.1556,-1.3447,0.7766,-0.0597,0.8768,-0.5336,0.8306,1
-0.1583,-0.7325,-0.4010,-1.1971,1.9894,-0.0964,0.6445,-0.5369,0
1.4481,2.2661,1.1012,-0.5207,-0.8705,0.1555,0.4990,1.6428,1
0.3538,0.6440,0.7193,-1.1530,-0.9633,-1.0839,-1.3321,0.7955,0
2.7901,2.5795,-2.5927,2.0555,-0.8943,2.0518,-1.4492,-0.8124,1
-2.2028,0.3621,-1.1013,-1.0730,-1.3725,0.7774,0.7115,1.8120,0
1.8143,2.7188,-1.2893,-0.3350,-0.5188,0.4644,1.0170,0.9911,1
1.6572,3.4985,-0.0441,-0.3246,-0.7085,-0.5599,1.7423,0.3074,1
2.6746,2.2378,2.4460,1.3050,-0.7211,-0.2736,-0.2142,0.1459,1
1.7988,2.9388,1.4521,-1.3136,-1.1281,-0.4832,-0.4368,1.9985,1
3.5017,3.4443,-0.2644,-0.2863,-1.4517,0.7817,0.4911,1.2860,1
-0.2108,-0.1418,0.1700,0.8919,-1.4702,0.7361,-0.0205,-1.0586,0
-2.0846,-0.1365,1.4477,1.6747,0.3554,1.9620,-0.0429,0.9533,0
2.0488,1.9854,-0.6775,-2.0605,1.2871,-0.6416,-0.8014,-1.1800,1
2.2956,4.2635,2.0938,-1.6609,-0.3544,-1.0344,0.9883,0.2866,1
-0.6366,0.0726,-0.4774,1.6142,0.5470,0.6698,-2.6669,-0.0668,0
2.0832,1.3261,-1.8471,-0.3134,-1.2015,1.7111,0.2443,-0.7678,0
2.5342,-0.1074,-1.0850,0.0364,0.8457,-1.9413,-0.3812,1.0097,1
1.0485,2.7292,0.0660,1.7144,-0.2301,-0.1716,0.8550,-1.3263,1
-0.2209,-0.4557,-0.1389,0.8484,0.5542,-0.7487,0.1367,1.4904,0
-0.8314,0.1452,-0.1932,-0.0630,-1.6307,1.4108,-0.7744,1.0261,0
-0.6214,-0.6255,1.2131,0.9939,0.2087,0.7612,-0.2886,-0.0084,0
1.8384,3.4041,-0.6934,1.4852,-0.3158,0.0205,0.7587,0.0239,1
-0.2979,-0.0300,0.8938,-0.6629,-0.1262,0.0103,0.8646,-0.0998,0
4.3083,2.3435,-0.2377,-0.1710,-1.3166,-1.0367,-0.5307,1.1358,1
-0.0331,-0.4846,1.2265,1.5512,1.2554,-0.8531,-0.4952,1.8137,0
0.2411,-0.2676,0.7183,1.0073,-0.5714,0.2194,0.9266,-1.1603,0
2.5123,1.3856,-0.9836,-0.5631,0.4771,-0.3220,-0.6484,0.0516,1
1.3530,2.9288,1.1314,-0.0792,-0.2026,0.3734,-2.0285,0.5368,1
5.6019,2.3773,-0.1191,0.7436,1.6453,0.9750,-2.1556,0.5634,1
5.0719,3.1224,-1.1546,0.2818,-1.2807,1.2328,-0.9559,0.0742,1
1.6422,1.9536,1.4862,0.1035,-0.5592,-1.1452,-1.8717,-1.2513,1
2.6120,3.4802,-0.5604,1.5705,-0.7175,-0.2380,-1.0796,0.9908,1
4.5975,0.7382,-0.3462,1.2648,-1.4469,0.5667,1.2215,0.0782,1
0.5503,1.7609,1.9484,-0.0620,-0.5324,-0.9200,0.9770,-1.3718,0
-0.2526,0.1027,-0.5030,0.2798,2.5645,-0.1216,-0.4354,1.0153,0
2.7396,3.9393,0.1647,-0.2484,-1.7837,-1.6197,-1.8357,0.3793,1
-1.3622,1.2556,0.0302,-0.2442,-0.8439,0.6223,-0.8045,-0.9854,0
3.6883,2.8546,-0.2349,0.6414,0.0089,0.3830,-0.8168,2.0704,1
1.9204,4.0560,-0.1889,0.8071,0.7342,1.1469,-0.8406,1.0756,1
1.8464,-0.2587,0.0347,-0.5234,-0.3464,1.7114,-1.0042,-0.9421,0
4.1109,3.1245,2.1204,-0.4504,0.1263,-0.6607,0.1433,-1.7741,1
0.6850,0.3235,-0.0576,-0.3904,-0.8948,0.7277,-1.1711,0.5119,0
4.5745,3.9855,-1.5051,-0.5367,0.4215,-0.0703,-1.3994,0.3853,1
-0.0100,1.9143,-0.2532,1.1680,-1.2671,-1.0280,0.7217,1.0837,0
-0.9574,0.0241,-1.3816,-0.1812,0.8369,-0.4350,-0.2490,-1.1298,0
1.8516,4.2581,0.0729,-1.0023,-0.3148,-1.5974,-1.0142,1.3603,1
2.3575,4.3907,-0.0953,-0.0360,0.6409,-2.6726,0.2049,-0.0490,1
1.4860,0.9647,-1.1337,1.2421,-0.2623,-0.9045,0.1971,-0.2028,0
4.0385,2.8406,0.2057,0.9006,1.0929,0.7836,1.4195,0.6087,1
2.6677,3.7392,-0.0909,0.0332,1.7216,1.6219,-0.0082,-0.4536,1
1.4632,0.8004,0.3156,-0.3219,0.3317,-0.0217,-0.6643,0.1290,0
2.7654,2.1246,0.9038,1.2888,0.9699,-0.2762,0.7558,0.0780,1
1.2643,3.1727,0.1461,2.5935,1.4573,0.7112,0.2492,0.1637,1
-1.0037,-1.7390,-0.8726,-0.0477,-2.1055,-0.5443,-0.2476,-0.2154,0
1.8383,2.1585,1.7239,0.6621,-0.5603,-0.0683,-0.0283,-0.7680,1
1.7309,3.5105,-0.4198,-1.0947,-0.0431,0.1180,-1.9727,-0.0407,1
3.3680,2.9512,2.2298,1.2511,1.4489,2.8001,0.7582,0.1631,1
3.4737,1.9408,0.1077,-0.6477,0.3980,-0.6519,-0.6869,0.4135,1
2.3623,0.5725,-1.4556,-1.1473,-0.8830,0.4144,0.2189,1.0653,1
0.7528,1.0719,0.6084,0.2097,1.0994,0.9194,0.3761,1.2711,0
0.1542,2.2095,-0.3058,1.1527,1.5714,-1.4502,1.4112,-1.1714,1
-1.1412,-0.2343,-0.3182,-1.5584,0.6499,0.6794,1.0540,-0.4335,0
2.4604,2.4696,1.6880,-2.8342,-0.9569,0.0055,-1.0856,-0.2583,1
-0.1261,-0.6577,0.0645,0.6281,-0.2363,-0.4532,-0.1658,-0.0074,0
-1.7403,0.4616,-0.4510,1.2615,0.5911,1.1701,-1.0110,-0.3714,0
-1.2425,-0.7052,1.2521,1.4875,-1.1481,-0.4583,-0.0762,0.5856,0
0.7402,0.8970,0.4896,-1.9490,-0.4468,0.1621,0.4157,-0.1417,1
-0.3658,0.8446,0.2852,-0.6470,0.0377,0.3832,1.7182,0.7863,0
1.2146,-0.6106,-0.5242,-0.2354,-0.1436,-1.0080,1.2659,0.8834,0
2.1943,3.1417,0.2229,0.7198,-1.3443,-0.1457,-0.0580,0.6236,1
1.8716,0.0001,-1.0817,-0.0610,0.0639,1.6837,0.5827,0.0815,1
-0.0324,1.1042,-0.5901,-0.1403,-1.0893,1.4189,0.3925,-0.7075,0
2.3855,3.0097,-0.2507,-0.5345,-0.6543,0.3390,-0.3581,-0.4538,1
-1.3361,0.0776,-0.1812,-0.3216,0.1988,0.7480,0.7016,0.5527,0
-0.2407,-0.5670,-1.0439,-0.5932,0.0197,-0.7863,0.0961,-0.9655,0
0.8390,3.3194,-0.4744,-0.8370,-1.0938,0.4230,1.3749,-0.4031,1
-0.2156,1.0716,-1.8104,1.9669,2.4441,-2.7063,-0.0975,-0.7189,0
2.2352,2.0816,0.8118,-0.1126,-0.9109,-0.1722,0.5148,-1.1837,1
0.8538,4.4927,-0.6424,-0.1374,-0.3978,0.5481,1.7728,0.5799,1
0.9816,1.1159,-0.3990,-0.2682,-1.7220,0.8193,-1.0863,1.4933,1
1.8206,-0.2483,0.4390,-1.2319,0.6237,-0.4982,-1.0872,-0.2893,0
2.0343,2.1748,0.9497,-0.7853,1.7350,-1.3251,1.6154,-1.0165,1
2.4990,2.0098,-0.3437,0.8014,1.4998,1.1905,-0.4049,0.1843,1
-0.7821,-0.9916,-1.1463,-0.4376,0.2496,-1.9118,-0.0464,1.5160,0
1.1219,-0.5852,-1.3969,0.4598,-2.3174,1.1102,-0.2136,1.8313,0
-1.7270,0.9181,-0.1005,-0.3311,-1.3698,0.5957,0.6761,1.7851,0
3.5081,1.9061,-1.0039,-1.3685,1.4732,-0.7782,1.4802,0.5251,1
2.8299,2.1931,0.6607,-0.0155,-0.3692,0.6960,-0.1440,-0.7983,1
0.5998,-0.0640,0.4889,-0.4539,-1.2091,1.7351,1.5466,0.8838,0
2.1122,2.1997,1.3823,-0.3538,-0.6326,1.8722,-0.0477,1.7684,1
1.1016,3.0182,2.0711,0.0298,-0.2640,-1.1678,1.0823,-0.7701,1
2.4052,1.2655,1.5569,1.1549,-0.0316,-1.1541,1.5359,-0.3659,1
-1.1052,-1.7621,-0.6460,-1.4546,-0.6228,0.7444,-0.3754,0.3557,0
-0.7233,0.0652,1.9209,-0.3485,0.3844,-1.5655,1.5201,-0.4772,0
1.0505,-0.1232,0.6116,0.6710,-0.4524,1.0919,-0.7590,0.7779,0
2.1098,2.8496,-0.4620,0.0500,-1.0747,0.2476,0.0442,-0.5402,1
2.4450,2.6340,-0.6164,-0.1288,-1.0056,2.3457,1.0591,0.2731,1
3.6721,0.5207,-2.5577,-0.3993,-1.3786,-0.2366,0.2057,0.9204,1
-1.1383,0.3996,0.0144,0.3475,-0.5198,1.3831,-0.1035,1.7742,0
-0.7904,0.7428,-0.0597,-0.3277,0.6323,-0.2992,-2.6620,-3.0629,0
1.2724,1.2303,1.8873,-0.0175,-1.2926,-0.4196,0.0114,-1.0070,0
4.1486,4.7395,0.4783,-0.0109,-1.2950,1.5464,0.0763,-0.2892,1
0.4812,-0.5857,0.1469,-1.4425,1.0871,-0.1044,1.1588,-0.2011,0
2.3638,1.2877,0.7598,-0.8758,-0.4864,0.0010,0.1212,-1.7061,1
2.2692,3.2952,-0.3783,-0.2247,0.1624,-0.1260,-1.0305,-0.0363,1
0.9941,-1.0512,-0.3745,-1.3816,0.9414,-0.0924,-0.8502,0.0923,0
-1.2036,-1.0335,-1.4601,-1.0668,1.3573,-0.7331,0.4662,-0.8363,0
0.7595,-1.0261,0.0392,0.0529,2.3278,0.6304,-0.5929,0.6850,0
4.6382,0.8704,-0.8425,-0.2369,-0.4171,-0.3328,-1.3042,1.4040,1
1.0774,2.2998,1.0458,-0.0302,-0.9794,-1.3487,-0.2300,-0.7570,1
0.2052,-1.4015,0.8130,0.1155,0.1898,1.4411,-0.4378,-0.7258,0
-0.5478,-0.1925,-0.0910,-0.8307,-2.0231,-0.5609,0.3598,0.1363,0
3.6996,4.4555,0.7593,1.3825,0.7668,1.7099,1.8509,0.9512,1
0.7064,-0.2052,-0.0413,-0.3378,0.6213,-0.7203,-0.1911,-2.3552,0
1.7231,-0.2205,0.4556,1.4578,0.3003,1.4443,-1.2417,2.3974,0
1.0871,0.2092,1.4251,-1.1686,-0.2886,1.4443,-1.8671,0.5605,0
0.5322,1.9692,-1.5830,1.6096,-0.5595,-0.4470,-1.2220,-1.0879,0
0.4035,-1.1123,0.7403,-0.6630,-1.2130,-0.5278,0.3367,-0.2774,0
2.5342,3.1962,1.0824,-0.3101,-1.0442,0.0761,0.4706,-1.4607,1
1.6094,1.7808,-0.2078,-0.7610,0.7070,-1.6051,-1.5797,-0.3339,1
2.3243,1.0454,-0.6067,-0.4010,-0.3933,0.1519,-0.6616,1.4778,1
2.9882,1.6929,0.0945,0.1240,1.2147,-0.6004,0.7673,0.0419,1
3.9916,3.7909,0.1970,-0.2623,0.5066,-0.1805,1.6803,0.0785,1
-0.4056,-0.4596,-1.2130,0.5566,-0.8200,1.0981,-1.2929,0.1272,0
1.1502,-2.1522,2.0183,-0.4253,0.1411,0.5714,0.7261,0.2739,0
3.4974,3.0191,1.7609,0.5223,1.9646,0.9011,-1.8058,2.6111,1
-0.5743,1.4955,0.0268,1.0611,-0.6885,0.6257,-0.2532,1.5790,0
2.9387,3.4359,-2.1641,-0.0856,0.4106,0.2236,0.9612,-0.3659,1
2.5488,3.6812,-2.2787,0.5894,-0.3339,-0.9123,0.3365,1.2275,1
1.0391,-0.1351,0.8757,0.8681,-0.0874,-0.6931,-0.6352,0.8379,0
2.4579,1.4538,-1.6849,0.8318,-0.5468,0.3304,1.2397,-1.3089,1
2.4549,2.3293,0.3797,1.2392,-1.3295,0.5698,1.0315,-0.1864,1
-0.1374,0.4184,0.3448,0.5824,0.5613,-0.9820,0.9903,1.1668,0
0.1861,-1.4942,-0.1147,0.1944,-1.1446,-0.3601,-1.4094,0.6073,0
2.6660,0.8542,0.3515,-0.0565,0.5164,-0.3915,-0.8015,-0.7708,1
1.9618,2.5188,0.1480,-0.1907,-0.4233,-0.3514,2.5077,-0.7707,1
-0.5580,3.2939,0.4210,-1.3800,0.8427,-0.9100,0.9091,-0.2110,0
2.0602,4.1092,0.5664,0.9730,0.4349,-0.4444,0.6114,1.2092,1
0.1347,1.8016,0.8505,0.2120,0.2515,0.1372,-1.2512,-0.0901,0
2.7212,2.0839,0.3377,0.0213,0.7737,0.6631,0.1672,-1.3672,1
4.2907,2.3581,-0.0809,-0.3425,-0.4884,1.5441,1.3860,0.4444,1
-0.1075,0.6191,0.0738,-0.1902,0.3381,-0.4412,0.2523,0.2042,0
3.1029,1.8809,0.7101,-0.9063,-0.5726,-0.5289,-1.0721,1.0157,1
1.5309,1.8011,1.2554,-0.5706,-0.1881,-1.0120,0.8330,0.8467,1
3.2389,3.0375,0.0736,-0.5244,-0.8150,1.2899,0.7648,-0.6933,1
0.0398,-0.3001,-1.1282,0.1777,-0.4155,-0.9525,-1.4791,-1.5638,0
-0.3714,-0.0851,-0.8753,0.6507,-0.0655,0.5769,-0.1829,-0.7871,0
0.1141,-1.2627,0.5394,-0.9371,0.9182,-0.3385,1.0625,-1.1226,0
-0.6778,0.3809,1.1705,1.6666,0.0414,1.8377,-0.2897,1.0988,0
-0.9422,0.4202,-2.3417,-1.1216,0.4667,-1.3124,0.4269,0.9065,0
1.9987,1.5310,-0.4742,-0.9658,-0.1012,0.1021,-0.3060,1.6744,1
1.7806,3.8914,-1.0412,0.0728,1.1831,1.1314,-0.4203,0.5551,1
2.9212,1.9601,0.6159,1.8625,0.4717,0.5664,0.6722,-1.4610,1
0.4602,-1.0168,-0.5899,2.1619,-0.2533,-0.7402,1.1526,-0.9477,0
-0.4474,1.2491,0.0428,-1.5616,0.5440,-0.3965,1.5399,-0.6062,0
3.5512,4.2757,-0.8509,-0.1932,0.3886,-0.8573,0.2703,-0.2249,1
-0.2451,0.0489,0.0713,0.1639,-0.5988,-0.5552,-0.1186,-0.0448,0
2.0612,2.8239,-1.8148,-0.7305,-0.2799,-0.8561,1.6292,0.0189,1
2.6768,2.0168,-0.0158,-1.2153,-0.1698,-0.9370,-0.2774,-2.5599,1
-1.1280,1.4639,0.8304,1.3190,1.3877,0.6730,-0.4529,-1.0373,0
1.1467,0.0646,2.4940,-0.3651,1.9729,-0.1568,1.3360,1.6967,0
-1.0229,-0.4850,-1.0330,-1.2299,0.6671,-0.1966,0.0524,0.5562,0
-1.8574,1.2868,-0.3491,0.5324,0.6207,1.3708,-0.1049,-2.1236,0
0.0571,0.2007,-1.0343,0.1475,-0.3610,-1.3428,0.6715,-0.5637,0
2.0936,2.0374,1.2355,-0.0409,0.0791,-0.4406,0.4629,1.3493,1
3.1479,3.1869,0.6062,-1.3802,-0.8761,-0.2050,-0.7259,-1.0645,1
0.6278,1.1535,-0.2565,-0.0694,-0.7931,0.0789,-0.4338,1.0906,1
2.3384,3.1963,0.2032,-1.4021,-0.0907,-1.2356,-0.1081,-0.7451,1
2.8820,1.1576,0.0147,0.5724,0.9076,-0.7642,0.0178,0.1841,1
1.5471,-1.4813,-0.9111,2.8045,-0.2731,-1.8910,-0.5826,-2.7689,0
0.2409,0.8098,-0.9117,-0.4707,0.9237,-1.7502,-1.3216,-0.2281,0
1.7477,2.2061,-1.2638,0.2143,-0.1492,0.5492,0.2004,0.2067,1
-1.4463,0.4926,-0.3309,-0.1666,1.0483,-0.7194,1.3512,1.4445,0
0.7528,-0.9806,-2.1863,1.0788,0.1114,-0.7452,1.1736,-0.8616,0
2.0758,3.0249,-1.1136,-0.1095,1.0891,0.2111,1.2474,1.1336,1
2.5077,0.1633,-1.1058,0.7633,-1.5503,-0.3267,0.3385,1.4696,1
1.9250,1.8565,-0.0524,0.3509,-0.1542,1.0493,-0.7991,0.1202,1
2.9452,2.0998,0.8397,0.1490,0.7888,0.1941,0.3764,-0.6324,1
-0.6308,1.2244,0.6355,-1.0230,0.1809,-2.3738,-0.5739,0.9610,0
2.3749,2.6179,-3.0164,-0.3923,0.3383,0.4653,0.9624,-0.2103,1
2.3343,1.1679,-0.2045,-1.2616,-1.8479,-1.0852,1.5087,-0.2706,1
2.7199,1.9865,-1.7906,0.9361,-2.1722,-0.5548,-0.0546,0.2305,1
1.7735,0.6620,-0.8011,-0.7488,-0.7731,0.9701,-1.2136,0.3010,1
2.6583,3.4605,-0.1331,0.7911,-0.1722,0.4344,-1.5029,-2.6383,1
0.3775,0.4312,0.4755,-0.5249,1.4897,-0.4599,0.4209,0.5946,0
1.7187,-0.3170,-0.6532,-1.4981,1.5524,0.4214,0.4531,3.1167,0
0.3250,-1.3023,-0.1959,-0.9748,-0.3959,-0.4026,-0.5870,-1.3933,0
1.5925,0.2988,-0.2255,0.7576,0.4711,0.2757,0.6850,0.1339,0
0.6702,0.7531,0.1627,-0.2204,1.5304,-0.4779,0.3913,0.4139,0
-0.6096,-0.8078,-0.3539,-0.4922,-1.4581,-0.6515,0.2662,1.2659,0
3.0544,-0.0995,0.6413,-0.5582,0.4531,-0.0141,-0.1927,-0.1022,1
2.4776,3.8444,-0.0197,1.0855,0.9399,0.6670,-1.7866,1.1166,1
2.0421,3.2157,-0.9725,-1.1851,1.9764,-0.9570,1.1461,0.1184,1
2.0799,2.4552,-1.3011,-0.0138,-1.0827,-0.3954,0.9253,0.2542,1
1.0178,3.3515,-0.0071,-0.5422,0.7467,-0.1672,-1.1657,1.8478,1
2.4827,2.4186,-0.4051,1.1800,-0.5249,-1.5450,-0.6787,1.3268,1
0.8321,-0.2550,1.3733,0.7479,-0.2666,-0.1659,0.3293,-0.8319,0
2.5045,2.8085,-1.6870,-0.1893,-0.3031,1.0281,-1.8445,-0.3815,1
-0.4818,0.9601,-0.0435,1.7961,0.6622,-0.4102,0.2397,-0.3541,0
0.8594,-1.3322,-0.8237,0.4557,1.2258,-2.2020,1.3745,-0.1401,0
0.6161,-0.5017,-1.5294,-0.0197,-0.0659,0.6332,-0.5495,-1.1080,1
2.0869,2.5336,0.2308,-0.7892,0.9014,-0.6214,-0.8697,-0.5424,1
1.0748,-0.1328,-0.6945,0.9261,2.1427,0.2097,1.2338,1.0361,0
-0.6056,0.0266,-1.2825,-0.2049,-0.6262,-0.4029,-0.7499,-0.2871,0
0.5322,-0.1195,-1.8644,-0.7461,-1.5194,0.2441,0.5033,0.2565,0
-0.7874,0.2469,-0.4701,-1.1382,0.7419,0.8180,0.9489,-0.6083,0
1.1794,-0.4936,0.6535,-0.5109,-0.2240,-2.4212,-0.3019,0.0911,0
2.0900,4.2562,-1.1625,-0.5636,-0.9049,-0.5638,1.0314,1.4780,1
1.7992,1.7770,-1.1571,1.3063,1.1210,-0.1060,-1.3961,-1.3067,1
2.6706,3.0493,-2.0661,-0.3213,1.6183,-0.2175,1.4896,0.6490,1
1.4157,2.2073,-0.1287,-0.9525,-0.9699,1.5068,-0.9774,1.0784,1
2.0635,2.4744,0.5618,-0.5986,0.5679,-2.0464,0.4397,-2.4685,1
2.2732,3.3542,0.6223,-1.2984,-1.1697,-0.6887,0.1862,-2.0319,1
-0.0132,0.3114,-0.2830,0.5253,0.2237,-0.5417,-1.9362,0.1334,0
-0.9531,-0.5783,0.4791,1.4173,-0.0381,0.5541,-1.4445,0.2455,0
2.4401,3.7292,-0.5405,-0.2416,1.0588,-0.0920,-1.1088,2.5516,1
-1.0786,-0.0647,0.3467,0.2676,-0.1897,-0.1848,-0.2349,-1.1159,0
2.1502,-0.2200,0.5969,-0.3347,-0.3548,-0.4554,-1.5498,-0.1606,0
-0.4070,1.1715,-1.1967,-0.5771,-0.8984,1.4425,-0.8694,0.5623,0
3.4702,2.3539,-1.3768,-1.3642,0.8598,-1.2606,0.3920,0.1143,1
0.3771,0.4716,-0.9337,-0.9755,0.7149,-0.6293,-2.7501,0.6488,0
1.4637,2.9671,1.3928,0.0168,0.9958,0.1538,1.5874,-1.0621,1
-0.0082,0.6732,-0.1904,1.1522,-0.4320,2.0694,2.1222,0.2821,0
0.5526,1.1917,-1.1872,-1.3120,1.2564,0.2740,-0.2265,0.0111,0
-2.3860,-0.1906,-0.7530,0.9181,0.9950,0.5767,0.3955,-1.4973,0
0.5906,0.6294,1.2452,2.1182,-1.6926,-0.3885,-0.7423,0.1725,0
2.5134,2.2659,1.0276,-1.1014,-1.0411,-1.0242,-0.3603,-1.2286,1
-0.0486,-0.1655,-0.7865,0.8738,-0.0595,1.0626,-0.1950,-0.0242,0
-0.5628,-0.0070,0.7122,-0.4113,0.5184,-0.8127,0.7591,-0.5799,0
3.3517,2.5610,1.5210,-1.1541,-1.4762,-0.6162,-1.3846,-1.3827,1
3.1216,2.4958,-0.4797,-0.3870,-0.5972,1.6504,-0.7355,-1.3221,1
0.7961,-0.2158,2.0388,-0.5262,0.8460,1.0822,-0.5213,-0.7429,0
3.2414,3.0749,-1.4106,-1.1284,-2.5364,0.5954,-0.2618,-0.1622,1
0.8086,1.4019,-0.4780,-0.6723,0.1178,0.5835,2.2696,-0.0200,1
1.1154,-0.8300,-1.6749,-0.3523,-1.5977,0.0147,-0.7805,-1.9543,0
4.2360,1.9624,-1.6376,0.8982,-0.7286,1.0902,-0.7334,-0.5409,1
2.8448,3.0932,0.7685,-0.0897,0.5286,0.7456,0.2006,-0.1427,1
1.0547,3.0992,0.0422,-0.4136,1.2778,-1.4278,1.6440,-0.0223,1
0.3175,-0.3950,-1.6671,-0.1396,0.3347,0.6762,-0.1980,-2.1925,0
-1.5417,2.0520,-1.0925,1.4270,-0.9341,-0.1825,0.6252,-0.8202,0
1.5922,0.0757,0.4609,-0.2676,0.6587,1.5788,-0.1313,1.7297,0
1.8884,3.2641,0.4891,-1.0686,0.2138,0.0074,-0.8532,0.3580,1
2.6463,2.4274,-0.0686,-0.0900,-0.3677,0.1398,-0.6439,2.6568,1
-1.4093,-0.5847,-0.5057,2.0405,-1.3201,0.4259,0.2484,0.3336,0
1.2363,1.2158,-0.4510,0.1940,-1.8641,0.0991,-0.7940,-0.1864,0
0.8146,2.9049,-1.6966,0.1483,-1.2265,-0.8496,1.1547,0.5879,1
3.6492,4.0597,-0.7728,1.4990,-1.4655,0.7461,-0.4933,-0.9303,1
3.1145,3.4450,0.9153,0.2149,0.1320,0.5269,0.3038,0.5414,1
0.2040,0.8428,-1.6272,-0.1313,-1.3838,0.2767,1.6419,-0.4741,0
2.6273,3.2565,-2.0677,-0.5221,0.3645,-2.8970,-0.9768,1.1009,1
1.0030,0.3743,0.8822,0.2151,0.5554,-0.3157,0.1158,-0.6324,0
3.7635,4.0216,1.3799,-0.4081,-0.9538,1.2770,0.5439,0.3286,1
-0.6336,0.4257,-1.0853,0.6341,1.3789,1.6310,0.7085,-1.3820,0
0.1973,2.1397,-0.8686,-0.0592,1.4135,0.6171,2.4802,-0.7329,0
-0.9898,1.2241,-1.1959,-0.1968,-0.0656,1.0360,0.6143,0.4571,0
2.0976,3.7150,4.0258,0.6913,0.0997,-1.2979,-0.6375,-0.2137,1
1.9654,2.4839,1.7780,1.2472,-0.1588,-1.2083,1.3374,-0.0491,1
-1.7265,0.7124,1.0257,-2.4259,-0.8246,-0.1105,0.7345,-0.5157,0
1.6679,3.2272,-0.4683,0.5421,-1.1115,-1.3523,0.7553,0.2525,1
0.9225,-0.5326,-0.7951,1.3607,-1.5230,1.2515,1.3205,0.8601,0
-0.6878,-0.8165,-0.2101,-1.2950,-0.9617,0.6447,0.6493,-1.0496,0
0.6761,0.4543,1.5099,0.5691,1.0586,0.4771,0.9799,-1.2871,0
2.3783,2.4610,-0.2437,0.4439,0.6344,0.3923,-0.1769,-0.7357,1
1.0972,0.3497,-1.0186,-0.1937,-1.7433,0.0354,-0.1984,-0.5745,0
4.0846,1.3438,0.7064,2.1867,1.0773,-0.0315,-1.1341,-1.3621,1
-0.4116,-0.6870,-0.7195,-0.3263,-0.1022,0.4852,-1.2378,-0.6822,0
-0.1597,-0.1955,1.8364,0.2322,-1.6136,0.4182,0.5457,-0.1251,0
-1.2134,1.7581,-1.0699,0.6608,0.2001,0.6008,1.7069,0.5616,0
1.9413,3.6060,-0.6311,0.1636,-1.2931,-1.0333,0.0514,0.3681,1
-1.7024,0.4973,-0.8194,1.2797,-0.3520,-1.1236,0.0758,-0.9162,0
3.7689,2.5005,-0.1517,0.5918,-1.0049,-1.2892,0.4084,-1.0997,1
1.4000,3.3368,0.5251,-1.2538,-0.6191,-0.9037,1.7763,0.9060,1
-0.4208,0.5762,-1.3562,-0.6726,0.1049,0.4522,-0.0975,0.2480,0
2.5783,2.3364,-0.2961,-0.4263,0.2319,0.4108,0.1984,-1.1786,1
1.5011,2.8989,1.4717,0.1524,-0.4117,0.2243,-1.1368,1.3089,1
0.1866,-0.6695,-0.1668,-0.5270,1.3117,-0.2022,0.1554,0.5737,0
-0.7408,0.1937,0.2744,-1.5541,0.2527,-0.0458,0.1300,0.0356,0
0.2592,1.3373,-1.1795,-0.3422,0.6666,0.4809,0.4594,2.7536,0
3.1141,3.6309,-0.3071,-0.9929,-0.3143,0.7120,0.4068,0.4033,1
-0.2143,-0.3738,-0.1799,0.7245,0.8407,-1.0062,0.7623,-0.6507,0
2.9689,2.3080,1.5658,-0.4181,0.1786,0.6066,-0.8740,-0.0729,1
2.2334,1.9862,-0.4397,1.1120,-0.5986,0.5664,0.3146,-1.3970,1
3.0192,1.0865,0.6281,-0.5072,0.0084,-1.2943,0.1224,0.9270,1
-0.8070,-0.6072,0.4546,0.4796,-2.4342,2.0154,0.5286,0.6969,0
2.3565,0.6446,0.6747,-0.5652,0.5439,-0.2188,0.2380,-0.7750,1
0.8644,-1.1884,2.2456,2.2379,1.6327,1.2755,-0.0845,1.1665,0
-0.0962,-1.5535,1.5032,1.1288,-0.0313,-1.2252,-0.5862,-1.8211,0
0.9451,-1.6033,0.2868,-0.8437,-1.4267,0.2384,-0.3338,0.8382,0
-1.2676,-0.7573,-2.3876,-2.1843,1.7982,2.0836,0.0927,-0.8238,0
-0.2984,0.8736,-0.5144,0.2376,-0.0128,-0.5688,-0.5262,0.2933,0
-0.9769,0.4517,-0.4716,0.1274,1.3840,-0.1682,0.9198,-1.7920,0
-0.4704,0.0277,1.9233,-1.9600,-0.0962,1.4567,-0.7850,-0.2128,0
0.3317,0.1845,1.5658,0.4485,1.3278,-0.3600,-0.7405,-0.2257,0
1.3409,2.9835,-0.3859,-0.6718,0.4987,-1.1437,0.7705,-0.4783,1
1.1591,-0.3927,0.6319,0.1796,0.7439,0.1099,-1.6634,1.0088,0
2.4123,3.2895,0.6902,-0.7733,-0.9148,0.6554,-0.3032,0.9364,1
2.3218,3.5234,0.4233,0.2880,-0.3740,0.2324,1.1929,-0.0542,1
3.0312,2.5464,0.1246,1.7234,1.2017,0.0794,0.2145,-0.7019,1
2.3270,2.8094,0.8506,0.7492,-1.1093,0.9770,-0.0888,-0.9870,1
3.8364,3.9633,0.2637,0.7088,0.7674,1.3958,0.7281,-1.3277,1
4.5098,3.5657,-0.5095,-1.0296,0.5048,-0.2783,0.3300,0.7434,1
1.9336,1.3839,0.3858,-0.5334,0.1461,-1.3433,-0.2522,0.7150,1
3.1059,1.7116,-1.1683,0.0158,0.5610,0.4052,-0.5122,0.2978,1
1.5024,0.2051,-1.6331,0.2032,2.0440,-1.2874,0.0297,-0.2263,0
0.0959,0.1943,1.1400,0.0848,1.2773,-0.1177,-0.3501,-0.6692,0
0.6829,2.7758,2.0540,0.4582,0.6867,-0.4130,-0.2443,0.9846,1
2.0087,1.4879,0.8052,0.0352,0.2097,-0.7535,-1.4482,-1.1268,0
2.5498,2.2080,-1.4694,-0.0373,-0.3184,-1.1728,-0.3702,-0.3210,1
-0.6166,0.9267,-1.9029,-1.9858,0.0033,0.0961,0.4042,-0.5390,0
-0.9179,-0.0073,-0.4416,1.5511,-0.3242,-0.0532,2.4754,-0.1948,0
3.0562,3.1463,0.7314,0.2895,0.1938,0.1003,-0.5760,0.3255,1
4.5286,3.7107,0.3039,0.8558,-0.8692,-0.2605,0.9478,1.4872,1
1.7291,2.0164,2.1814,0.0963,1.8234,0.2069,0.2462,-0.3055,1
0.9426,1.3578,-1.0350,-0.3525,0.9151,-0.1295,-0.4934,1.0095,0
3.6035,2.0504,0.2124,-1.2085,-0.8955,0.1242,0.0314,-0.9669,1
1.7840,1.4350,0.4551,-1.9676,-1.0116,-1.8629,0.4190,-1.8027,1
2.5317,4.1395,1.6734,-1.8059,0.2984,-0.9890,-1.1931,-0.1135,1
3.7283,3.0997,-0.7151,0.7050,-2.2437,-0.7529,-0.8239,0.0783,1
2.2972,2.3585,-0.1747,0.0224,0.5401,0.1493,-0.2844,0.4017,1
3.3261,1.9440,-0.0594,1.1619,-1.1028,1.8047,-1.3392,-0.3454,1
-0.9502,2.1879,-0.5034,-0.5008,-0.3707,0.0956,-0.3284,-0.1329,0
-1.0292,2.5572,0.0178,1.0386,1.3091,-0.1877,0.8162,-1.1016,1
3.2673,1.9275,-1.1847,-0.1856,1.4005,0.1810,1.4965,-0.7487,1
3.5479,1.8478,0.2253,0.2167,0.6615,0.2507,-0.7392,0.8803,1
4.2317,1.9162,-1.8352,0.4993,-0.3312,-0.1311,0.5562,-0.4564,1
2.2311,2.3999,1.4698,0.0301,-1.2357,-1.1959,0.1392,-1.1294,1
-1.5623,0.6355,0.6845,-0.3681,0.2937,0.1881,0.6024,0.6047,0
-0.1058,2.2595,0.5179,-0.4105,0.0362,0.7507,0.0809,1.5079,1
1.1270,-0.1186,-0.1980,-2.8503,-0.3265,-1.3533,0.2212,0.1529,0
0.6959,1.3967,-0.0263,2.2804,0.2325,-1.3102,-0.5621,-0.3727,0
3.0921,1.5528,-0.2980,-0.1610,-0.4481,0.8114,0.6413,1.1666,1
2.1690,3.7025,-1.3640,-1.3884,-1.2138,0.0092,1.2024,-0.6021,1
-0.4767,-0.2160,0.5728,-0.4776,-0.5334,-1.3454,-0.5717,1.1775,0
0.0909,-0.7399,1.2361,-0.5852,1.4200,1.4036,0.0560,-1.4985,0
2.2895,0.3873,-0.3239,0.9561,0.7023,1.3109,-0.6623,0.3185,0
-1.1859,0.6663,-0.0229,0.2810,-0.1463,-0.2510,-0.8682,0.7904,0
1.4897,-0.5567,0.5535,0.4322,0.0081,-1.5266,-1.3016,-0.7810,0
-2.1390,1.4080,0.3677,-0.0300,-2.1902,-1.8239,-0.0023,1.9705,0
1.8014,3.3638,-0.4799,0.0552,1.2147,-0.3460,-0.6901,1.4181,1
2.5456,3.5912,-0.6852,1.4067,0.2736,0.4348,0.1316,-0.5055,1
2.4983,2.0574,0.9595,-0.2031,-1.4965,-1.6794,-1.7267,0.6180,1
-1.1515,0.3001,0.1366,-0.0647,0.4384,0.1583,-2.7097,-0.3236,0
0.4251,1.6403,1.6865,-1.3632,-0.3497,-1.5661,1.5199,1.0129,0
0.3506,0.1661,1.3806,1.2113,1.1580,0.4567,-0.3492,0.7671,0
3.3160,2.3094,-0.3512,1.1333,1.6641,-0.7494,-0.2634,0.3509,1
0.4866,-0.5224,1.8835,0.4221,0.5314,1.7589,-0.4491,-0.0884,0
-1.2533,-0.1724,-1.4889,0.7478,0.4200,-0.2771,-0.1004,0.7615,0
-1.1358,0.2042,0.6995,-1.7823,0.6849,-1.6741,-0.1176,-1.1634,0
3.9312,1.3429,-1.6502,0.1334,-0.4137,-1.5046,0.5258,-1.9915,1
-1.0362,-0.5752,0.8022,1.2955,1.1028,-0.1533,-2.4273,0.3909,0
1.4706,1.2338,0.4629,-1.1895,-0.5253,1.9338,-1.4167,-1.1478,0
3.4426,2.0688,-1.1818,1.5280,0.4611,-0.3818,-1.1458,2.0474,1
2.4755,3.8973,0.8936,-0.5209,-0.5129,1.4463,1.4625,-1.8769,1
0.5498,-0.1212,-1.0333,0.2617,-1.3496,-0.4665,-0.7985,-0.4998,0
-0.0715,-1.0156,1.5732,0.4933,1.7946,-0.1601,-0.5488,1.7584,0
1.9219,2.3217,0.7200,-1.2377,0.7113,0.5833,1.2693,0.8900,1
3.8000,2.3896,-0.8627,2.1100,-1.5267,-1.4265,0.5651,1.6250,1
2.6896,3.4993,-1.9958,-0.4995,-1.8739,0.7804,-1.5472,-1.2778,1
0.5140,1.0618,-0.1590,0.5702,0.5378,-0.2154,-1.0947,0.5649,0
0.6131,0.8940,0.3121,-1.1685,0.6903,-0.0014,-0.4827,-0.2946,0
1.8097,3.3888,-1.4181,-0.9935,-0.3288,1.6138,1.0543,-1.6408,1
1.3513,1.3494,-1.1740,-2.5215,-0.0722,1.1224,1.5913,-0.8708,0
1.7520,-2.2279,-0.3681,-0.4172,1.1523,1.2983,0.9542,-1.3506,0
3.3626,3.0090,-1.6712,-2.0670,1.0380,-0.1801,-1.2852,-0.2082,1
2.8640,2.4171,-1.5520,1.8856,1.0042,-0.3354,-0.2951,0.3595,1
-1.1296,0.3227,-1.3307,-0.0705,-1.1686,-1.1181,1.6457,0.0592,0
2.7074,0.4886,-0.5970,0.4612,0.1941,-2.1540,0.2071,0.3666,1
1.2838,-0.6552,-2.2421,-0.9968,-1.0971,0.7367,-2.7167,-0.4484,0
3.9258,2.5072,0.8963,-1.6418,-1.6020,1.4372,0.1012,0.1033,1
1.3818,2.6008,-1.1459,1.1869,2.7278,0.4839,-0.6349,-2.5337,1
-1.6845,1.5549,-1.0292,-0.3708,0.6553,1.4823,-0.1996,-0.4047,0
2.5716,1.8724,-0.5738,0.4119,0.1853,2.1316,0.4388,1.1511,1
-1.0713,0.5252,-0.7230,0.3955,0.6885,0.0499,2.4073,1.4280,0
3.6772,3.2643,1.7634,-1.4370,1.3703,-0.9912,-0.5643,0.5614,1
1.2332,-1.1536,-0.5125,0.0975,-0.1864,0.8540,3.4359,0.4193,0
-0.7352,-1.2965,-0.3253,-0.9402,0.4675,0.4520,-0.4632,1.9850,0
1.7646,2.3806,0.6392,0.8921,1.2776,0.4285,1.0509,-0.6651,1
3.4181,3.4047,1.5129,-1.6684,-0.9072,0.8231,-2.6514,0.4920,1
1.0598,-0.5764,-0.4302,-1.0741,-0.5215,-0.4926,-0.6828,-0.7377,0
2.2290,2.2169,1.8741,-0.3942,0.3442,-0.5769,-0.5896,-1.7044,1
0.9286,1.2930,0.1837,1.0762,-1.7867,-0.5491,-1.3669,-0.2643,1
1.0758,-0.4469,-0.0475,1.4552,0.4579,-0.7601,0.1589,-0.8275,0
2.9205,3.0153,-1.3672,0.1751,-0.1176,0.5447,0.8313,0.4774,1
2.1968,3.4333,-0.8731,-1.3205,-3.1953,-0.0701,-0.8215,0.3978,1
-1.9712,-0.6472,0.4703,-1.0298,0.4093,-0.5570,-0.0328,0.5952,0
0.9528,0.0925,-0.8140,-0.4580,0.6370,-1.0213,-0.1781,-0.3859,0
2.3966,1.4907,-1.8519,0.5207,0.9641,-1.7922,0.3689,1.0832,1
0.5959,-0.4167,-0.9435,0.0810,0.2478,0.0958,-0.1801,-1.0827,0
2.9227,2.9709,0.2008,0.1110,1.6792,-0.6244,1.2814,-0.7340,1
3.6090,3.7334,-0.2931,1.6610,0.4690,-0.8773,-0.3742,1.1328,1
0.9231,-1.0580,-0.1393,0.2035,-0.5076,2.3578,0.2337,-0.0618,0
1.1909,-0.3652,1.0074,-1.6677,-0.4537,1.0491,1.5702,-0.7733,0
1.6102,3.0674,-0.6230,-0.2686,0.8764,-0.5441,-1.9654,-1.3011,1
0.0100,-1.8634,-0.2972,-1.3921,1.6399,2.1651,-1.0582,0.2568,0
-0.9604,-0.3093,1.8035,-0.4667,-0.2860,-0.9425,1.1462,-3.2633,0
2.0572,2.4541,-0.6611,0.8635,1.2020,-1.4120,2.0935,-1.4233,1
3.7886,2.6498,-0.5037,-0.4094,-0.0335,0.2084,-0.9202,-0.2339,1
1.7293,1.2850,-0.8173,-1.1500,-0.4202,0.4325,0.1207,1.9743,1
0.2895,2.9693,0.0064,0.8157,0.7165,-0.1650,0.1727,-0.7441,1
3.1137,0.6211,0.7768,-0.0232,-0.4871,-0.2325,-0.1592,1.2973,1
3.2335,1.2199,-0.5653,0.6298,0.6733,-0.9252,-1.2608,-0.0633,0
3.3077,0.8882,-0.7209,0.5727,0.0417,1.4163,-1.4114,2.3522,1
0.9620,0.4708,-0.0589,-1.1345,-0.0388,-0.0737,-0.1958,-0.8424,1
2.9327,2.1827,1.1037,-0.1804,-0.9646,-1.6877,-0.1721,-1.2692,1
1.1500,3.0275,-1.7777,1.4122,0.1597,-0.0438,-1.0348,0.7644,1
-0.0029,-0.6861,0.1998,-1.6828,-1.6353,-1.1202,0.3495,-0.0033,0
3.5490,1.5800,0.5747,-0.1139,-0.9430,0.3853,-0.0660,-0.6291,1
0.0420,-0.1295,-0.1537,-0.4126,-1.3049,0.0748,-0.8027,-1.0203,0
2.2593,3.2340,0.1856,-0.5311,-0.5713,0.6358,-2.3967,0.7974,1
-1.8740,-1.4154,-0.5143,2.1701,1.6774,0.7065,0.3565,-1.8623,0
0.1568,-0.5492,-0.8167,0.1548,-0.4711,0.8693,-1.9360,0.0750,0
-0.8791,-0.4096,0.3046,-1.1173,0.1642,-0.2123,-0.6606,-0.4706,0
2.3454,1.7322,0.0071,-0.2782,-0.6113,1.5898,0.4152,-0.3827,1
2.6459,1.4732,-0.4368,-0.3201,-1.2468,0.3874,-0.5056,-0.3555,1
-0.5687,2.9591,-0.6626,-2.0687,-1.5999,0.7593,1.3365,-0.6818,0
1.2789,0.7416,-0.1895,-0.2604,0.1809,0.8775,0.3973,-0.6768,0
-0.1742,1.9813,0.2512,0.8693,0.5399,0.2734,0.1087,0.8974,0
0.7186,0.2639,-0.6938,0.3856,-0.0670,-0.3083,2.6788,-1.5391,0
3.4585,1.6373,0.1312,2.5686,-0.9624,-0.7239,-0.0175,-0.8472,1
0.8841,-0.5345,0.6540,-1.3292,-1.8068,-0.2290,-1.5685,1.5183,0
-1.5298,-1.0377,0.4136,-0.5864,-1.5184,2.0400,-1.0016,-0.1963,0
-0.2092,0.7103,0.4624,-0.8268,-0.3258,-0.2269,0.7490,-1.1683,0
2.0181,-0.7592,-0.0087,-1.1600,-1.2982,-0.8744,-0.9705,-0.4143,0
1.5210,3.1956,-0.7830,-0.8938,-0.3930,0.9928,0.2149,-0.0997,1
1.0670,1.3573,-1.2784,1.3069,0.5306,-0.8616,-0.5644,-0.8253,1
-0.8859,0.4603,-0.2875,2.0812,1.2504,1.3095,0.6714,-0.4227,0
3.0978,2.1512,1.6303,0.4043,0.2624,0.1271,1.7403,-1.4338,1
1.8383,-0.1862,-1.4061,-0.7522,-1.6508,0.6537,-1.0383,0.1687,0
1.1342,-0.6720,-0.2681,-1.3034,-0.3884,2.5740,0.7779,-0.2647,0
-0.6117,-0.0426,0.1301,-0.4191,0.5301,-0.9534,-0.9584,0.3702,0
-1.1686,0.7290,-0.0143,-1.8279,0.1095,-1.6851,0.6934,-0.2487,0
1.8511,1.0713,-1.0607,-2.0207,-0.7551,-1.2213,1.8257,-0.0103,0
3.4334,2.2150,-0.1797,-0.0326,1.1065,0.3116,-1.0573,1.6225,1
2.2072,2.0445,-2.8295,0.6344,0.1010,0.0999,-0.4028,-0.5752,1
2.1304,2.9632,0.6391,-0.2310,0.9489,-0.0790,-0.5042,0.1984,1
-1.3594,0.2327,-1.5422,-1.0277,-2.0187,-0.1751,1.6096,-0.1171,0
0.6436,2.3523,0.4041,-0.7652,-0.6276,0.0007,-0.6329,-0.5581,0
0.9853,1.0262,-1.6469,-0.8182,-0.4640,0.5991,1.1431,2.7020,0
-0.4657,-0.4157,0.5886,-0.6822,-0.1410,-0.4150,-2.6217,0.1232,0
-0.1824,1.2712,0.0055,-1.2547,-0.2581,-2.0911,-1.2109,0.6355,0
2.2527,3.4225,-1.9669,-0.2425,-0.4755,0.9558,0.6728,0.6423,1
4.0414,2.1319,1.3351,-1.0442,-1.0809,0.7527,-1.5047,0.5728,1
2.6013,3.5719,-0.0594,0.0560,0.5093,-0.6626,-0.7062,0.4744,1
2.4707,2.0927,-0.0828,1.5946,-0.4430,-0.4720,-1.7074,-0.0424,1
3.1569,3.3362,0.1082,0.9558,0.7312,1.1130,0.9843,1.5700,1
2.3303,1.1729,0.6637,0.7806,1.5700,1.2813,1.9455,0.6199,1
0.2288,-1.3850,0.3081,-0.5525,0.2115,0.0545,0.4717,-0.0973,0
3.4350,-0.2232,0.1900,1.2025,1.8700,0.7320,1.6849,0.1689,1
2.5029,3.0294,-0.0032,-0.7824,-0.5152,-1.1122,0.5284,0.0114,1
2.1397,1.9333,0.5051,0.7804,-1.1305,-1.2877,0.9545,-1.3751,1
3.0475,4.1169,1.6192,0.7379,0.7088,2.2519,-2.3344,-0.4643,1
0.8485,-0.3373,1.2398,-0.0394,0.1317,-0.2747,-0.5225,-0.5471,0
2.7712,1.7254,0.9532,0.6532,1.0994,-1.1289,-1.6995,-0.0042,1
2.8988,1.2662,-0.5544,0.4245,0.7276,-1.3684,1.3696,-0.1674,0
2.4093,2.5238,1.1445,-0.7552,-1.7070,0.3230,-2.0437,-0.3011,1
3.6869,3.0791,1.0424,0.6204,2.4103,-0.5882,0.3981,-0.4381,1
3.4568,2.4384,1.7188,-0.5308,1.4071,0.5931,-0.0325,0.5424,1
0.2613,0.3560,-0.2069,-0.7016,-0.3351,-1.6831,0.8419,-1.2352,0
2.2824,3.1480,0.8394,-1.7747,-0.0918,0.4597,0.0520,1.3441,1
1.6782,0.4510,0.8103,-0.5371,-1.7585,-0.1585,1.2306,-1.2633,1
2.3360,-0.8379,0.0870,-1.2191,0.0416,-0.1337,-1.4895,2.8258,0
-0.4953,-0.4945,0.9690,1.8143,1.1264,-1.2012,0.2139,-1.8814,0
3.4017,0.8648,-0.8032,-0.0032,0.4450,-0.2609,1.5191,0.7232,1
3.1447,1.2706,1.6994,-0.8031,1.7375,2.0222,0.5127,1.0320,1
-0.5829,2.3050,1.1022,0.9245,-1.2197,-0.2937,-2.5364,0.4130,1
0.6167,3.6305,1.1827,-0.4744,0.5213,-0.2171,0.2419,-1.1473,1
0.6225,-1.6412,-1.8299,-0.1219,-0.2112,0.2723,-0.6495,1.8857,0
2.6606,2.7329,0.1972,1.0029,0.5760,0.4420,0.7360,-1.8246,1
-1.7868,-0.0761,-0.1977,0.5798,0.0200,0.5819,-1.2456,-0.0107,0
1.1589,2.8869,-1.8783,0.3483,-1.4690,-0.3835,0.8949,0.2274,1
-1.6457,-0.6724,-1.5014,-1.6948,0.1177,0.5603,0.4406,0.6026,0
2.4881,2.2266,-1.0731,-0.4401,-1.3213,-0.8452,0.0889,-0.1178,1
3.0647,-1.3458,-0.1251,-1.4237,-0.3878,-0.3471,0.8449,-0.4497,0
2.3087,2.0697,-1.4011,-0.6521,-0.3819,0.0738,0.5589,-0.2346,1
-0.2522,-1.7208,0.5397,-0.6959,0.7471,1.3164,-0.1879,-1.0233,0
-0.0167,0.3487,-0.3155,-0.5640,0.5635,0.4976,-0.3463,-1.6541,0
2.9564,1.7327,0.2143,0.1512,-1.8889,0.0811,0.5145,0.6372,1
0.1174,-1.9772,1.2771,0.4110,-1.2033,-0.7878,0.2312,0.6798,0
2.0120,3.3255,-1.7928,-1.0425,-2.0644,-0.8974,1.5081,2.0578,1
2.7346,1.8616,-0.2216,0.4733,-1.5630,-0.5725,1.4349,-1.0457,1
1.7510,2.5132,0.2831,-0.6250,0.0770,0.6079,1.9615,-0.1262,1
-0.0413,1.5275,-0.5492,-1.3244,0.2502,1.0762,0.3610,-0.0970,0
-1.4484,-0.0584,1.2332,-1.2341,-0.2447,-0.3875,-0.6977,0.2479,0
0.4433,0.4328,-0.9768,-1.6460,0.2624,-0.5059,1.8383,1.8845,0
4.4907,1.5599,0.5694,0.8710,0.7584,-0.3544,1.2792,0.0005,1
2.6281,0.9622,0.6448,-0.2604,0.4648,0.2351,0.1809,-0.0457,1
3.2866,2.3011,-1.4552,0.5690,-0.8090,-1.3243,-1.0222,0.2833,1
2.4035,0.3673,-0.3837,1.1692,-0.4513,-0.1655,1.0430,0.7955,1
1.0218,-2.7726,1.7335,0.6364,2.4615,-0.7823,-1.7635,0.0072,0
-0.2754,0.6537,1.0749,-0.0873,-0.2407,0.5227,-0.2563,-0.3400,0
1.0371,1.2598,1.0840,-0.1682,-2.1398,-0.1482,-0.7580,-0.1297,0
-0.6711,-0.0207,-1.0393,-1.2807,1.2227,-0.9697,0.0003,0.9545,0
0.9143,0.7948,0.3029,0.7240,1.3731,0.4250,-1.8372,-0.5285,0
0.6964,-0.6271,1.6201,-0.0632,0.0852,1.1247,-0.1828,0.1763,0
0.8991,-1.4723,-0.2853,0.8292,0.0656,1.4673,-1.5759,-1.6900,0
0.7697,0.8658,-0.1933,0.4004,0.7452,-0.8139,-0.7068,0.1897,0
3.4041,1.3340,-0.1979,-0.2442,0.4180,-0.0087,-0.5459,1.2486,1
1.9607,2.2079,-1.5915,-0.7136,0.5161,0.3206,0.5995,0.5510,1
4.5877,1.7521,-1.6194,-1.0506,-0.7037,-0.9743,0.0937,1.2527,1
1.5397,0.5043,2.1413,-0.3564,-1.6325,1.0532,-1.8386,-0.7550,0
0.5201,-0.1024,-0.1910,-1.1808,-0.0108,1.0037,0.0200,-0.8302,0
-1.2475,-0.8096,0.3923,0.3436,-0.8005,-2.2108,0.4200,-0.8977,0
0.6891,-0.7561,-0.9879,0.1532,2.3577,0.7490,0.1362,0.3589,0
0.7489,1.3777,-2.5109,1.7299,1.5274,0.3928,0.1351,-1.5516,1
2.2807,4.2924,0.1314,-0.5646,-1.7581,1.3803,-0.0701,-1.7567,1
-0.9243,-1.2775,-0.1317,0.2073,-0.5032,0.7770,0.0788,1.0623,0
-0.3572,3.0453,-0.5645,-0.9033,-1.0263,-0.2109,-1.7195,0.2946,0
-1.9053,0.1617,-1.3513,-0.3813,0.6045,2.3040,-1.0780,-0.1503,0
-0.7238,-0.8699,-0.7150,0.8241,-0.4881,2.2493,0.4160,-1.0100,0
2.1333,1.6982,0.8001,-1.6388,-1.3410,-0.5915,0.6829,1.2331,1
3.8805,3.0298,-0.0829,0.7946,-1.1445,-1.8447,0.4366,-1.0057,1
2.4347,2.6196,0.2481,0.9378,0.8321,0.1950,-0.4420,0.1078,1
1.9038,2.3036,2.6182,0.1822,0.4502,-0.7055,1.0201,0.7603,1
3.2674,2.7149,1.0342,1.2717,0.2831,-0.1146,0.8946,-0.9041,1
1.7820,2.4467,-1.7414,0.8276,-0.9629,-0.4715,-0.2133,0.0393,1
2.1563,2.4326,-0.0596,-0.4470,-0.7732,1.0815,-2.1044,-0.2057,1
